w1,w2,w3,target
10,11,12,13
11,12,13,10
16,17,18,19
17,18,19,20
18,19,20,21
6,25,26,27
28,29,30,31
6,25,26,27
32,33,34,35
38,39,40,41
39,40,41,42
40,41,42,43
51,52,1,53
1,61,62,55
61,62,55,12
68,69,44,46
69,44,46,23
44,46,23,45
0,51,71,72
51,71,72,73
71,72,73,10
72,73,10,74
73,10,74,75
88,89,90,91
89,90,91,61
90,91,61,0
96,97,98,99
96,100,98,6
104,105,70,12
105,70,12,106
70,12,106,0
12,106,0,107
106,0,107,108
0,107,108,109
107,108,109,40
108,109,40,110
105,114,115,1
114,115,1,83
63,24,116,117
24,116,117,118
116,117,118,119
117,118,119,120
118,119,120,121
119,120,121,91
120,121,91,122
121,91,122,123
91,122,123,91
124,125,126,36
125,126,36,127
126,36,127,39
36,127,39,40
127,39,40,46
128,49,32,129
49,32,129,34
32,129,34,130
131,132,87,133
132,87,133,68
87,133,68,134
133,68,134,131
19,135,136,137
143,0,144,145
0,144,145,146
144,145,146,55
145,146,55,147
146,55,147,3
55,147,3,148
147,3,148,142
3,148,142,149
148,142,149,150
0,144,151,146
144,151,146,40
151,146,40,152
146,40,152,55
40,152,55,147
152,55,147,3
55,147,3,153
147,3,153,154
3,153,154,51
153,154,51,155
154,51,155,141
156,157,158,12
159,160,55,161
167,157,168,169
157,168,169,170
168,169,170,91
169,170,91,171
170,91,171,172
91,171,172,173
171,172,173,51
73,159,160,22
159,160,22,149
6,113,43,23
177,178,179,180
178,179,180,181
0,185,1,186
180,189,168,12
189,168,12,190
40,10,192,193
10,192,193,105
187,194,90,20
194,90,20,142
12,199,200,187
169,201,149,0
87,139,75,10
139,75,10,202
204,90,205,206
40,23,22,54
23,22,54,207
158,12,209,210
211,212,213,58
212,213,58,7
218,219,54,220
219,54,220,221
223,224,36,113
224,36,113,104
36,113,104,132
113,104,132,43
104,132,43,23
132,43,23,40
43,23,40,46
23,40,46,225
227,129,35,228
181,35,229,230
35,229,230,231
236,237,187,204
240,241,242,243
241,242,243,244
168,120,248,249
120,248,249,22
142,253,153,51
253,153,51,254
0,185,1,0
185,1,0,257
1,0,257,258
0,257,258,259
257,258,259,105
258,259,105,0
259,105,0,260
105,0,260,261
0,260,261,262
264,251,265,154
251,265,154,258
265,154,258,266
154,258,266,171
258,266,171,169
266,171,169,220
171,169,220,170
169,220,170,267
220,170,267,187
170,267,187,144
267,187,144,263
187,144,263,239
144,263,239,262
269,3,10,270
3,10,270,78
10,270,78,173
270,78,173,271
78,173,271,272
173,271,272,273
271,272,273,274
272,273,274,265
273,274,265,275
113,276,277,187
276,277,187,168
277,187,168,170
278,269,3,10
269,3,10,270
3,10,270,187
10,270,187,173
270,187,173,271
187,173,271,272
173,271,272,273
271,272,273,274
272,273,274,265
273,274,265,275
274,265,275,279
265,275,279,144
275,279,144,239
40,292,289,263
292,289,263,6
18,149,267,12
149,267,12,91
267,12,91,4
12,91,4,289
91,4,289,293
4,289,293,294
289,293,294,251
293,294,251,105
294,251,105,10
251,105,10,144
105,10,144,263
10,144,263,295
296,218,1,0
218,1,0,96
4,289,292,293
289,292,293,294
292,293,294,251
293,294,251,105
294,251,105,10
251,105,10,144
105,10,144,263
10,144,263,295
144,263,295,78
263,295,78,297
295,78,297,251
78,297,251,298
297,251,298,105
251,298,105,265
298,105,265,74
18,149,267,12
149,267,12,91
267,12,91,4
12,91,4,289
91,4,289,293
4,289,293,294
289,293,294,251
293,294,251,105
294,251,105,10
251,105,10,144
105,10,144,263
10,144,263,295
144,263,295,297
263,295,297,251
295,297,251,298
297,251,298,105
251,298,105,265
10,299,289,295
299,289,295,294
289,295,294,22
304,305,306,242
305,306,242,307
306,242,307,308
171,250,265,309
250,265,309,105
265,309,105,10
309,105,10,11
105,10,11,12
10,11,12,310
11,12,310,4
12,310,4,311
312,70,313,162
70,313,162,314
313,162,314,268
162,314,268,315
314,268,315,51
268,315,51,113
315,51,113,104
51,113,104,162
113,104,162,10
104,162,10,316
162,10,316,51
132,317,265,309
317,265,309,105
265,309,105,10
309,105,10,11
105,10,11,12
10,11,12,310
11,12,310,268
12,310,268,318
268,247,1,0
247,1,0,319
1,0,319,258
325,40,76,49
40,76,49,326
76,49,326,69
324,325,40,76
325,40,76,22
40,76,22,301
76,22,301,317
22,301,317,265
301,317,265,309
317,265,309,105
265,309,105,10
309,105,10,11
105,10,11,12
10,11,12,310
11,12,310,268
12,310,268,318
214,327,253,328
327,253,328,12
253,328,12,324
328,12,324,40
12,324,40,76
324,40,76,311
89,332,333,334
330,331,335,76
312,10,238,313
10,238,313,162
238,313,162,314
313,162,314,132
162,314,132,55
314,132,55,148
12,342,12,290
342,12,290,40
12,290,40,292
290,40,292,19
40,292,19,343
292,19,343,10
19,343,10,344
18,149,346,250
149,346,250,10
346,250,10,110
182,220,153,273
4,350,351,352
350,351,352,162
158,12,236,4
12,236,4,290
236,4,290,40
4,290,40,292
290,40,292,355
194,55,357,289
55,357,289,40
357,289,40,292
289,40,292,358
187,54,55,359
360,187,361,298
187,361,298,0
284,366,367,22
366,367,22,0
0,371,247,1
374,58,19,101
58,19,101,1
19,101,1,148
101,1,148,139
136,378,22,378
337,143,381,55
143,381,55,382
381,55,382,383
55,382,383,105
384,385,337,143
387,388,80,389
388,80,389,390
80,389,390,391
127,392,393,394
302,400,37,401
2,402,12,403
402,12,403,55
12,403,55,0
403,55,0,103
55,0,103,217
0,103,217,12
103,217,12,238
217,12,238,40
12,238,40,0
238,40,0,193
55,359,59,408
359,59,408,59
409,341,117,65
341,117,65,410
117,65,410,3
65,410,3,170
410,3,170,411
164,20,412,346
20,412,346,413
168,20,19,414
20,19,414,10
19,414,10,51
12,10,415,54
10,415,54,2
415,54,2,314
54,2,314,22
2,314,22,19
314,22,19,253
88,71,416,169
71,416,169,19
416,169,19,413
169,19,413,12
19,413,12,246
413,12,246,417
12,246,417,70
246,417,70,418
417,70,418,419
142,55,10,278
55,10,278,420
10,278,420,12
278,420,12,421
420,12,421,422
20,149,423,199
149,423,199,409
424,28,35,395
105,113,187,426
113,187,426,36
187,426,36,427
332,428,429,70
428,429,70,40
429,70,40,41
70,40,41,430
259,105,431,432
55,122,10,420
122,10,420,12
433,63,199,434
168,20,19,435
12,436,269,40
436,269,40,10
269,40,10,51
40,10,51,43
169,149,255,12
149,255,12,145
403,169,19,246
169,19,246,74
403,169,19,435
169,19,435,439
19,435,439,123
105,10,51,440
10,51,440,104
142,253,153,441
253,153,441,259
153,441,259,105
441,259,105,10
259,105,10,442
18,149,443,265
149,443,265,444
443,265,444,439
265,444,439,445
444,439,445,149
439,445,149,446
445,149,446,183
149,446,183,40
446,183,40,191
183,40,191,170
40,191,170,141
191,170,141,123
170,141,123,20
141,123,20,447
142,450,10,369
450,10,369,437
10,369,437,105
369,437,105,63
437,105,63,258
55,122,451,104
122,451,104,105
20,429,269,267
429,269,267,40
269,267,40,452
437,453,454,132
188,341,343,455
341,343,455,456
343,455,456,457
455,456,457,162
456,457,162,458
457,162,458,459
162,458,459,460
79,302,464,48
370,467,468,63
144,6,113,43
6,113,43,23
83,40,83,470
472,473,40,471
473,40,471,6
40,471,6,475
471,6,475,83
6,475,83,84
475,83,84,476
12,252,0,51
252,0,51,144
0,51,144,187
162,251,40,477
251,40,477,139
40,477,139,478
18,149,267,12
149,267,12,91
267,12,91,40
12,91,40,76
91,40,76,3
40,76,3,478
154,482,187,90
482,187,90,282
187,90,282,12
90,282,12,343
438,483,143,139
483,143,139,141
484,485,486,487
485,486,487,227
488,79,489,36
79,489,36,125
341,40,51,490
40,51,490,448
51,490,448,491
490,448,491,3
0,108,492,105
108,492,105,479
493,494,495,19
494,495,19,148
495,19,148,0
19,148,0,223
148,0,223,58
0,223,58,496
223,58,496,1
58,496,1,0
383,332,383,499
332,383,499,14
342,22,435,0
22,435,0,192
501,51,502,22
51,502,22,206
504,55,122,187
55,122,187,342
122,187,342,22
187,342,22,435
342,22,435,505
507,508,509,510
508,509,510,511
509,510,511,162
510,511,162,432
511,162,432,512
507,508,509,510
508,509,510,511
509,510,511,162
510,511,162,432
511,162,432,512
55,514,22,44
514,22,44,3
22,44,3,0
187,199,55,516
199,55,516,396
55,516,396,517
516,396,517,518
396,517,518,519
517,518,519,162
518,519,162,63
519,162,63,520
162,63,520,270
63,520,270,1
520,270,1,301
143,396,523,524
182,526,0,527
526,0,527,141
0,527,141,528
10,518,55,514
529,530,3,531
530,3,531,532
3,531,532,533
531,532,533,356
532,533,356,534
533,356,534,329
356,534,329,535
54,536,55,2
91,0,7,12
0,7,12,435
7,12,435,0
540,139,541,542
139,541,542,105
541,542,105,71
529,530,3,531
530,3,531,532
3,531,532,533
531,532,533,356
532,533,356,534
533,356,534,329
356,534,329,535
543,544,104,143
544,104,143,210
22,526,546,265
526,546,265,185
546,265,185,547
435,383,111,105
383,111,105,10
111,105,10,551
12,553,148,10
144,12,236,40
12,236,40,555
210,306,366,557
306,366,557,162
243,560,22,301
304,561,562,563
561,562,563,12
562,563,12,564
563,12,564,8
12,564,8,9
564,8,9,74
369,565,149,95
12,91,1,105
91,1,105,566
167,149,567,369
149,567,369,565
247,122,139,55
122,139,55,0
139,55,0,568
55,0,568,569
299,436,483,247
436,483,247,1
12,571,22,385
571,22,385,348
22,385,348,265
140,574,140,575
574,140,575,22
140,575,22,207
117,576,208,204
10,527,143,578
527,143,578,12
143,578,12,578
316,579,581,22
579,581,22,582
586,587,30,588
587,30,588,589
30,588,589,187
588,589,187,79
591,122,55,153
1,592,169,593
592,169,593,78
169,593,78,58
169,593,148,10
593,148,10,503
594,591,170,161
591,170,161,411
1,159,595,0
159,595,0,596
595,0,596,496
44,4,597,598
4,597,598,569
597,598,569,85
598,569,85,599
569,85,599,40
85,599,40,597
599,40,597,600
403,170,409,118
342,22,435,265
44,4,436,1
4,436,1,604
436,1,604,605
1,604,605,40
604,605,40,83
605,40,83,470
44,4,436,1
4,436,1,604
436,1,604,605
1,604,605,40
604,605,40,83
605,40,83,470
0,610,611,612
610,611,612,22
611,612,22,613
614,250,6,615
250,6,615,616
6,615,616,6
615,616,6,0
40,51,490,470
44,4,615,617
40,51,490,470
403,55,2,618
55,2,618,6
2,618,6,597
618,6,597,598
6,597,598,569
597,598,569,85
598,569,85,599
569,85,599,40
85,599,40,597
599,40,597,600
168,12,619,265
12,619,265,444
417,238,266,154
544,265,621,425
265,621,425,91
621,425,91,121
425,91,121,622
187,139,55,161
139,55,161,0
55,161,0,494
161,0,494,625
0,494,625,139
494,625,139,55
625,139,55,0
139,55,0,626
169,264,149,168
264,149,168,628
149,168,628,63
168,628,63,199
628,63,199,55
63,199,55,142
629,22,168,170
40,630,425,631
630,425,631,10
0,635,492,1
635,492,1,320
638,40,639,143
40,639,143,10
639,143,10,640
143,10,640,641
10,640,641,332
640,641,332,0
641,332,0,642
332,0,642,1
0,642,1,0
642,1,0,7
1,0,7,643
638,40,639,143
40,639,143,10
639,143,10,640
143,10,640,641
10,640,641,332
640,641,332,0
641,332,0,642
332,0,642,1
0,642,1,0
642,1,0,7
1,0,7,643
210,382,298,0
117,65,410,3
65,410,3,0
100,408,552,222
408,552,222,105
552,222,105,71
222,105,71,200
432,658,659,660
658,659,660,352
659,660,352,661
660,352,661,432
181,662,663,664
667,116,118,206
116,118,206,668
667,116,118,206
116,118,206,668
62,343,12,669
343,12,669,143
12,669,143,409
670,0,626,344
0,626,344,671
0,513,675,676
432,658,659,660
658,659,660,352
432,658,659,660
658,659,660,352
153,678,679,680
389,390,670,0
390,670,0,571
670,0,571,684
0,571,684,254
571,684,254,150
684,254,150,168
688,12,689,318
22,139,692,691
575,566,409,693
566,409,693,344
409,693,344,547
693,344,547,22
344,547,22,694
547,22,694,695
22,694,695,688
694,695,688,693
19,359,282,54
359,282,54,570
282,54,570,1
54,570,1,10
570,1,10,348
697,345,698,265
162,0,255,1
0,255,1,10
255,1,10,284
1,10,284,366
10,284,366,557
168,658,446,255
658,446,255,251
446,255,251,699
255,251,699,479
0,7,365,187
139,55,702,627
55,702,627,1
702,627,1,0
40,703,704,652
703,704,652,588
704,652,588,543
162,139,706,697
707,708,384,709
708,384,709,23
384,709,23,710
709,23,710,145
30,711,23,145
711,23,145,392
23,145,392,30
227,178,718,40
178,718,40,719
718,40,719,79
40,719,79,125
18,720,721,40
720,721,40,722
721,40,722,254
253,278,149,723
278,149,723,724
149,723,724,91
723,724,91,721
724,91,721,40
91,721,40,725
721,40,725,254
722,726,63,727
726,63,727,728
63,727,728,325
187,10,567,731
10,567,731,3
141,6,113,43
6,113,43,23
210,733,396,495
733,396,495,734
396,495,734,40
495,734,40,735
734,40,735,736
40,735,736,12
735,736,12,737
736,12,737,451
12,737,451,104
737,451,104,0
451,104,0,738
104,0,738,1
0,738,1,210
738,1,210,739
3,0,740,1
12,91,742,40
91,742,40,452
187,22,301,203
22,301,203,253
301,203,253,747
203,253,747,627
44,161,213,18
161,213,18,19
213,18,19,748
18,19,748,0
19,748,0,749
589,79,750,439
79,750,439,49
750,439,49,751
439,49,751,354
171,754,0,103
754,0,103,74
0,103,74,437
755,105,149,144
105,149,144,756
757,170,425,413
170,425,413,408
425,413,408,621
413,408,621,758
408,621,758,105
18,203,757,19
203,757,19,423
757,19,423,203
19,423,203,253
71,693,207,759
693,207,759,760
695,241,103,761
762,762,762,10
238,55,154,105
96,762,762,762
764,1,0,523
1,0,523,325
0,523,325,43
523,325,43,403
325,43,403,0
43,403,0,513
765,40,333,334
40,333,334,253
333,334,253,328
766,627,740,603
320,409,63,266
409,63,266,12
63,266,12,731
266,12,731,3
12,731,3,618
731,3,618,22
3,618,22,170
170,205,187,0
205,187,0,7
187,0,7,769
0,7,769,117
10,408,420,105
408,420,105,63
294,144,59,63
144,59,63,774
59,63,774,775
63,774,775,772
774,775,772,123
164,779,55,780
779,55,780,22
40,51,490,470
781,425,220,149
22,10,785,154
10,785,154,6
149,143,217,12
143,217,12,217
0,494,1,792
79,164,794,560
164,794,560,795
794,560,795,91
22,706,376,105
706,376,105,794
376,105,794,560
149,798,158,12
798,158,12,91
158,12,91,620
12,91,620,40
629,0,97,765
0,97,765,325
97,765,325,799
703,104,149,413
800,801,381,802
801,381,802,803
381,802,803,12
802,803,12,619
214,809,810,265
811,591,149,812
813,121,149,425
121,149,425,343
149,425,343,182
425,343,182,814
343,182,814,815
182,814,815,140
187,818,396,0
818,396,0,819
820,171,253,821
171,253,821,247
253,821,247,1
822,55,480,12
55,480,12,255
823,824,825,826
824,825,826,187
825,826,187,4
826,187,4,251
187,4,251,325
4,251,325,132
251,325,132,40
325,132,40,152
132,40,152,827
40,152,827,828
823,824,104,772
824,104,772,105
104,772,105,251
772,105,251,325
105,251,325,113
251,325,113,40
325,113,40,152
113,40,152,828
823,824,104,826
824,104,826,105
104,826,105,251
826,105,251,325
105,251,325,132
251,325,132,40
325,132,40,152
132,40,152,828
54,149,830,150
149,830,150,3
830,150,3,496
113,132,55,747
132,55,747,63
55,747,63,775
747,63,775,774
63,775,774,772
775,774,772,40
774,772,40,51
772,40,51,490
40,51,490,475
51,490,475,83
113,132,55,747
132,55,747,63
55,747,63,775
747,63,775,774
63,775,774,772
775,774,772,40
774,772,40,51
772,40,51,490
40,51,490,475
51,490,475,83
490,475,83,553
475,83,553,4
113,132,55,747
132,55,747,63
55,747,63,774
747,63,774,772
63,774,772,775
774,772,775,40
772,775,40,46
775,40,46,831
40,46,831,553
46,831,553,4
171,253,747,63
253,747,63,774
747,63,774,775
63,774,775,772
774,775,772,40
775,772,40,46
832,143,597,598
143,597,598,569
597,598,569,85
209,144,4,455
144,4,455,784
4,455,784,187
455,784,187,357
784,187,357,335
187,357,335,212
357,335,212,834
335,212,834,835
212,834,835,4
834,835,4,474
835,4,474,445
4,474,445,70
91,10,154,96
10,154,96,105
4,144,836,4
144,836,4,736
414,265,314,162
265,314,162,144
314,162,144,22
162,144,22,343
144,22,343,10
841,842,843,302
842,843,302,844
843,302,844,30
143,838,162,139
265,846,59,747
846,59,747,569
59,747,569,325
45,848,354,849
655,289,280,813
289,280,813,49
43,617,40,851
150,149,852,4
149,852,4,289
852,4,289,622
210,121,6,851
294,419,3,0
419,3,0,414
3,0,414,492
12,255,162,685
255,162,685,325
162,685,325,854
685,325,854,22
325,854,22,184
854,22,184,846
40,855,22,123
182,255,132,435
255,132,435,3
132,435,3,0
435,3,0,637
3,0,637,4
0,637,4,838
637,4,838,187
4,838,187,816
838,187,816,309
187,816,309,856
816,309,856,251
182,255,113,857
255,113,857,383
113,857,383,0
857,383,0,637
383,0,637,4
0,637,4,335
637,4,335,212
4,335,212,51
335,212,51,490
212,51,490,3
51,490,3,358
490,3,358,858
3,358,858,816
358,858,816,309
858,816,309,856
816,309,856,251
182,255,113,857
255,113,857,383
113,857,383,0
857,383,0,637
383,0,637,4
0,637,4,335
637,4,335,212
4,335,212,51
335,212,51,490
212,51,490,3
51,490,3,358
490,3,358,858
3,358,858,816
358,858,816,309
858,816,309,856
816,309,856,251
861,862,37,863
139,51,210,746
51,210,746,55
210,746,55,119
265,864,865,40
864,865,40,0
865,40,0,447
865,40,0,447
433,170,22,19
170,22,19,282
22,19,282,170
44,4,597,598
4,597,598,569
597,598,569,85
598,569,85,599
569,85,599,40
85,599,40,597
599,40,597,600
12,76,4,866
76,4,866,778
4,866,778,288
866,778,288,40
778,288,40,46
194,55,4,867
55,4,867,491
4,867,491,470
867,491,470,435
491,470,435,265
470,435,265,868
435,265,868,414
265,868,414,105
868,414,105,113
414,105,113,689
105,113,689,258
113,689,258,4
689,258,4,534
258,4,534,580
4,534,580,40
534,580,40,470
580,40,470,475
40,470,475,776
470,475,776,816
194,55,4,867
55,4,867,491
4,867,491,470
867,491,470,435
491,470,435,265
470,435,265,868
435,265,868,414
265,868,414,105
868,414,105,113
414,105,113,689
105,113,689,258
113,689,258,4
689,258,4,534
258,4,534,580
4,534,580,40
534,580,40,470
580,40,470,475
40,470,475,776
470,475,776,816
158,12,294,479
12,294,479,477
51,490,43,471
435,170,760,396
268,742,869,258
742,869,258,870
869,258,870,187
258,870,187,426
870,187,426,871
187,426,871,36
426,871,36,238
871,36,238,872
36,238,872,873
238,872,873,49
872,873,49,874
268,742,869,258
742,869,258,870
869,258,870,187
258,870,187,426
870,187,426,871
187,426,871,36
426,871,36,238
871,36,238,872
36,238,872,873
238,872,873,49
872,873,49,874
194,55,328,12
425,91,122,59
91,122,59,10
171,253,853,105
253,853,105,10
853,105,10,875
105,10,875,22
40,477,105,534
477,105,534,580
105,534,580,194
534,580,194,169
580,194,169,255
194,169,255,162
169,255,162,10
255,162,10,454
49,876,877,878
876,877,878,6
877,878,6,878
40,46,73,879
301,10,671,1
482,22,296,63
22,296,63,258
296,63,258,40
63,258,40,471
258,40,471,3
40,471,3,534
471,3,534,580
268,677,551,816
677,551,816,141
551,816,141,4
328,621,141,6
621,141,6,287
141,6,287,778
6,287,778,288
287,778,288,40
778,288,40,597
288,40,597,600
44,4,887,0
4,887,0,84
887,0,84,40
0,84,40,83
84,40,83,470
44,4,51,490
4,51,490,43
40,51,490,470
383,12,76,4
12,76,4,866
76,4,866,778
4,866,778,288
866,778,288,40
778,288,40,46
628,889,54,253
32,33,30,14
33,30,14,48
30,14,48,663
14,48,663,891
48,663,891,892
301,132,55,63
184,22,169,91
22,169,91,754
169,91,754,40
91,754,40,0
105,327,140,906
327,140,906,140
907,908,909,345
388,910,308,10
396,653,105,911
865,162,284,912
92,119,914,40
171,92,119,914
92,119,914,54
119,914,54,170
914,54,170,87
54,170,87,268
803,54,171,92
187,919,323,41
206,920,4,347
654,203,689,921
203,689,921,3
689,921,3,10
7,275,792,431
275,792,431,923
792,431,923,54
431,923,54,695
923,54,695,425
54,695,425,91
695,425,91,924
154,190,105,703
190,105,703,567
105,703,567,194
703,567,194,55
567,194,55,927
194,55,927,928
55,927,928,105
927,928,105,440
928,105,440,0
746,423,162,210
51,242,658,12
242,658,12,619
658,12,619,63
462,392,354,929
392,354,929,30
931,932,40,152
162,933,22,315
32,33,30,14
33,30,14,48
30,14,48,663
14,48,663,891
48,663,891,892
32,33,30,14
33,30,14,48
30,14,48,663
14,48,663,891
48,663,891,892
91,10,934,934
10,934,934,935
934,934,935,332
934,935,332,936
937,45,113,938
113,409,118,941
409,118,941,59
118,941,59,10
325,105,350,351
105,350,351,835
350,351,835,942
351,835,942,187
835,942,187,851
942,187,851,480
187,851,480,171
851,480,171,831
937,45,113,938
45,113,938,771
113,938,771,211
938,771,211,943
933,36,76,687
36,76,687,132
76,687,132,135
687,132,135,946
132,135,946,40
135,946,40,152
946,40,152,225
40,152,225,947
152,225,947,943
36,76,687,132
76,687,132,135
687,132,135,946
132,135,946,40
135,946,40,152
946,40,152,225
40,152,225,947
152,225,947,943
942,280,105,0
948,132,171,550
132,171,550,577
171,550,577,411
550,577,411,853
577,411,853,105
411,853,105,10
948,949,142,19
281,759,670,12
759,670,12,176
670,12,176,294
12,176,294,479
176,294,479,146
294,479,146,22
479,146,22,255
146,22,255,950
22,255,950,10
255,950,10,51
950,10,51,734
10,51,734,105
51,734,105,132
734,105,132,20
105,132,20,149
194,409,457,162
409,457,162,734
457,162,734,145
162,734,145,433
109,247,0,51
769,100,10,692
100,10,692,864
10,692,864,950
692,864,950,951
864,950,951,162
950,951,162,715
951,162,715,105
162,715,105,594
853,105,408,952
105,408,952,953
408,952,953,211
952,953,211,147
953,211,147,162
211,147,162,10
147,162,10,375
162,10,375,146
10,375,146,40
375,146,40,46
146,40,46,176
40,46,176,105
46,176,105,76
325,113,816,776
36,251,325,76
251,325,76,40
325,76,40,46
76,40,46,225
40,46,225,954
46,225,954,955
225,954,955,956
954,955,956,776
665,133,959,960
675,624,962,19
624,962,19,963
962,19,963,40
624,962,19,963
962,19,963,40
19,964,824,162
964,824,162,965
824,162,965,966
19,94,435,170
94,435,170,141
302,458,459,400
0,513,7,623
513,7,623,432
7,623,432,971
623,432,971,105
432,971,105,440
971,105,440,416
974,975,976,977
975,976,977,978
976,977,978,979
977,978,979,36
978,979,36,302
979,36,302,980
36,302,980,981
302,980,981,354
980,981,354,982
981,354,982,187
354,982,187,67
982,187,67,983
187,67,983,696
974,975,976,977
975,976,977,978
976,977,978,979
977,978,979,36
978,979,36,302
979,36,302,980
36,302,980,981
302,980,981,354
980,981,354,982
981,354,982,187
354,982,187,67
982,187,67,983
187,67,983,696
982,984,985,36
984,985,36,302
985,36,302,980
36,302,980,976
302,980,976,981
980,976,981,862
976,981,862,67
981,862,67,983
862,67,983,696
67,983,696,986
36,195,696,181
79,987,988,49
987,988,49,989
988,49,989,44
49,989,44,990
36,195,696,181
195,696,181,992
696,181,992,79
181,992,79,987
992,79,987,988
79,987,988,49
987,988,49,989
988,49,989,44
49,989,44,990
775,774,211,341
774,775,211,225
32,33,30,14
33,30,14,48
30,14,48,663
14,48,663,891
48,663,891,892
32,33,30,14
33,30,14,48
30,14,48,663
14,48,663,891
48,663,891,892
119,408,0,1003
408,0,1003,822
0,1003,822,54
1003,822,54,241
822,54,241,10
1005,3,275,1006
3,275,1006,187
592,54,964,308
54,964,308,811
964,308,811,839
308,811,839,396
811,839,396,301
408,1010,184,1011
1010,184,1011,796
184,1011,796,580
1011,796,580,51
131,19,90,690
19,90,690,1014
343,10,814,3
10,814,3,0
814,3,0,1004
3,0,1004,123
0,1004,123,1015
1018,49,1019,40
49,1019,40,152
1019,40,152,38
618,1019,134,1021
1018,49,1019,40
0,61,1022,275
61,1022,275,1006
162,1023,1024,139
1023,1024,139,75
1024,139,75,566
261,576,12,349
1025,904,1026,40
904,1026,40,46
1026,40,46,49
40,46,49,957
46,49,957,835
49,957,835,980
957,835,980,1027
835,980,1027,40
789,1029,1030,1031
789,1029,1030,1033
1029,1030,1033,323
1030,1033,323,1034
1033,323,1034,354
323,1034,354,80
1034,354,80,1032
302,432,1035,856
432,1035,856,41
32,395,915,32
395,915,32,1037
915,32,1037,1038
32,1037,1038,975
46,28,1040,904
28,1040,904,957
1040,904,957,835
904,957,835,980
957,835,980,1027
835,980,1027,323
369,40,657,1028
41,392,1041,1042
392,1041,1042,862
1041,1042,862,1043
1042,862,1043,843
862,1043,843,36
1043,843,36,465
843,36,465,1044
36,465,1044,35
465,1044,35,125
36,344,696,79
152,38,67,632
38,67,632,1048
1054,591,0,784
501,8,9,681
8,9,681,265
9,681,265,864
681,265,864,145
78,58,627,1
58,627,1,0
627,1,0,496
1,0,496,1056
0,496,1056,368
496,1056,368,350
1056,368,350,332
368,350,332,104
350,332,104,212
55,888,12,435
888,12,435,348
12,435,348,265
40,627,217,78
627,217,78,1057
217,78,1057,308
78,1057,308,1058
1057,308,1058,161
308,1058,161,308
1058,161,308,0
161,308,0,104
308,0,104,54
0,104,54,355
104,54,355,170
182,1059,105,10
396,111,12,312
111,12,312,265
12,312,265,778
312,265,778,563
265,778,563,247
778,563,247,0
563,247,0,1064
247,0,1064,22
170,162,10,1065
162,10,1065,563
346,148,1066,1067
10,369,502,1068
55,10,601,162
10,601,162,1070
601,162,1070,1071
162,1070,1071,22
692,705,451,839
705,451,839,14
451,839,14,681
839,14,681,10
14,681,10,541
681,10,541,308
105,0,1076,1
0,1076,1,251
19,148,0,266
148,0,266,1
0,266,1,10
104,105,792,1077
105,792,1077,22
792,1077,22,1078
1077,22,1078,1079
22,1078,1079,927
1078,1079,927,139
1079,927,139,105
927,139,105,0
139,105,0,1076
105,0,1076,1
0,1076,1,1080
32,33,30,14
33,30,14,48
30,14,48,663
14,48,663,891
48,663,891,892
0,1081,12,543
1081,12,543,652
12,543,652,1082
543,652,1082,1083
32,33,30,14
33,30,14,48
30,14,48,663
14,48,663,891
48,663,891,892
0,1081,12,543
1081,12,543,652
12,543,652,1082
543,652,1082,1083
298,78,94,148
32,33,30,14
33,30,14,48
30,14,48,663
14,48,663,891
48,663,891,892
379,790,1087,1088
790,1087,1088,82
32,33,30,14
33,30,14,48
30,14,48,663
14,48,663,891
48,663,891,892
1089,1088,965,790
1088,965,790,1090
32,33,30,14
33,30,14,48
30,14,48,663
14,48,663,891
48,663,891,892
32,33,30,14
33,30,14,48
30,14,48,663
14,48,663,891
48,663,891,892
32,33,30,14
33,30,14,48
30,14,48,663
14,48,663,891
48,663,891,892
855,790,1090,1093
32,33,30,14
33,30,14,48
30,14,48,663
14,48,663,891
48,663,891,892
32,33,30,14
33,30,14,48
30,14,48,663
14,48,663,891
48,663,891,892
32,33,30,14
33,30,14,48
30,14,48,663
14,48,663,891
48,663,891,892
790,481,575,1094
481,575,1094,1074
575,1094,1074,100
32,33,30,14
33,30,14,48
30,14,48,663
14,48,663,891
48,663,891,892
32,33,30,14
33,30,14,48
30,14,48,663
14,48,663,891
48,663,891,892
32,33,30,14
33,30,14,48
30,14,48,663
14,48,663,891
48,663,891,892
32,33,30,14
33,30,14,48
30,14,48,663
14,48,663,891
48,663,891,892
1098,1099,983,689
32,33,30,14
33,30,14,48
30,14,48,663
14,48,663,891
48,663,891,892
425,220,0,350
1104,1105,1106,1107
1105,1106,1107,30
1106,1107,30,130
773,48,129,859
1113,587,1016,40
587,1016,40,1114
1115,78,1112,1040
78,1112,1040,1116
1112,1040,1116,1117
1040,1116,1117,130
1116,1117,130,1118
396,116,1014,1121
116,1014,1121,105
1014,1121,105,10
1121,105,10,51
105,10,51,266
503,111,1052,1122
111,1052,1122,162
1052,1122,162,503
1122,162,503,111
1123,22,435,139
22,435,139,972
1124,105,71,215
105,71,215,78
71,215,78,182
215,78,182,342
78,182,342,297
182,342,297,153
44,145,41,1125
1126,12,0,281
12,0,281,448
0,281,448,107
49,302,876,954
302,876,954,904
876,954,904,323
91,10,408,325
10,408,325,22
435,265,410,3
265,410,3,54
608,609,78,10
609,78,10,750
78,10,750,58
10,750,58,1100
750,58,1100,611
58,1100,611,612
1100,611,612,22
611,612,22,613
612,22,613,1127
22,613,1127,143
613,1127,143,1128
30,1131,617,392
700,105,1134,40
105,1134,40,0
1134,40,0,369
40,0,369,1135
700,105,1134,40
105,1134,40,0
1134,40,0,369
40,0,369,1135
1136,740,12,176
740,12,176,293
22,348,0,739
348,0,739,171
0,739,171,997
739,171,997,4
171,997,4,0
997,4,0,970
578,301,740,12
301,740,12,1137
1104,1138,32,1107
1138,32,1107,130
32,1026,1025,141
40,1137,837,716
1137,837,716,12
837,716,12,150
716,12,150,208
12,150,208,622
681,778,40,0
778,40,0,7
255,304,305,1074
139,491,40,470
1137,1079,105,10
1079,105,10,551
105,10,551,123
10,551,123,782
302,1141,32,959
1141,32,959,127
32,959,127,39
959,127,39,975
127,39,975,63
1142,92,40,1143
92,40,1143,142
40,1143,142,171
1143,142,171,1144
142,171,1144,1145
171,1144,1145,1146
1144,1145,1146,1147
1145,1146,1147,22
1146,1147,22,1148
1147,22,1148,865
22,1148,865,1
1148,865,1,1149
865,1,1149,279
1,1149,279,1150
1142,92,40,1143
92,40,1143,142
40,1143,142,171
1143,142,171,1144
142,171,1144,1145
171,1144,1145,1146
1144,1145,1146,1147
1145,1146,1147,22
1146,1147,22,1148
1147,22,1148,865
22,1148,865,1
1148,865,1,1149
865,1,1149,279
1,1149,279,1150
32,33,30,14
33,30,14,48
30,14,48,663
14,48,663,891
48,663,891,892
88,55,206,780
55,206,780,105
149,694,91,0
694,91,0,448
910,3,602,1
720,433,275,1006
433,275,1006,300
275,1006,300,149
1006,300,149,425
40,439,22,1153
0,1154,1155,12
1154,1155,12,567
1155,12,567,923
0,764,1,0
764,1,0,661
1,0,661,369
0,661,369,1156
0,764,1,0
764,1,0,661
1,0,661,369
0,661,369,1156
41,1157,45,38
1157,45,38,1138
45,38,1138,369
648,1158,1039,79
1158,1039,79,1159
716,1160,1,575
32,33,30,1161
33,30,1161,1162
30,1161,1162,1163
1167,1168,885,716
1168,885,716,141
885,716,141,876
716,141,876,1116
141,876,1116,954
876,1116,954,79
1116,954,79,210
954,79,210,1169
32,33,30,1161
33,30,1161,1162
30,1161,1162,1163
513,517,652,1174
517,652,1174,268
652,1174,268,483
1174,268,483,396
268,483,396,755
483,396,755,74
396,755,74,12
755,74,12,413
32,33,30,1161
33,30,1161,1162
30,1161,1162,1163
1178,1179,745,1180
1179,745,1180,105
745,1180,105,911
1180,105,911,206
105,911,206,1181
32,33,30,1161
33,30,1161,1162
30,1161,1162,1163
32,33,30,1161
33,30,1161,1162
30,1161,1162,1163
10,51,52,1
51,52,1,279
32,33,30,1161
33,30,1161,1162
30,1161,1162,1163
32,33,30,1161
33,30,1161,1162
30,1161,1162,1163
32,33,30,1161
33,30,1161,1162
30,1161,1162,1163
44,357,486,1184
357,486,1184,1185
723,1185,40,46
74,688,1,620
2,402,12,403
402,12,403,169
12,403,169,19
403,169,19,246
169,19,246,688
19,246,688,1
246,688,1,620
688,1,620,439
32,33,30,1161
33,30,1161,1162
30,1161,1162,1163
220,170,1186,266
32,33,30,1161
33,30,1161,1162
30,1161,1162,1163
220,170,1186,581
170,1186,581,318
1186,581,318,1188
32,33,30,1161
33,30,1161,1162
30,1161,1162,1163
220,170,1186,581
170,1186,581,100
1186,581,100,1188
32,33,30,1161
33,30,1161,1162
30,1161,1162,1163
220,170,1186,581
170,1186,581,173
1186,581,173,1188
32,33,30,1161
33,30,1161,1162
30,1161,1162,1163
32,33,30,1161
33,30,1161,1162
30,1161,1162,1163
1191,1126,105,71
105,0,7,111
32,33,30,1161
33,30,1161,1162
30,1161,1162,1163
231,804,392,302
804,392,302,1199
392,302,1199,302
302,1199,302,1199
1199,302,1199,1138
32,33,30,1161
33,30,1161,1162
30,1161,1162,1163
32,33,30,1161
33,30,1161,1162
30,1161,1162,1163
1203,1202,499,14
32,33,30,1161
33,30,1161,1162
30,1161,1162,1163
714,140,256,371
446,200,91,616
32,33,30,1161
33,30,1161,1162
30,1161,1162,1163
32,33,30,1161
33,30,1161,1162
30,1161,1162,1163
0,496,1188,1004
496,1188,1004,519
1188,1004,519,1012
1004,519,1012,1205
519,1012,1205,1206
105,0,300,792
4,0,300,1065
0,300,1065,4
300,1065,4,0
1065,4,0,300
4,0,300,111
49,1209,1210,903
301,0,596,496
32,33,30,1161
33,30,1161,1162
30,1161,1162,1163
1212,419,187,268
1188,1213,0,1213
1213,0,1213,162
32,33,30,1161
33,30,1161,1162
30,1161,1162,1163
540,570,187,58
570,187,58,44
187,58,44,161
58,44,161,213
44,161,213,18
161,213,18,341
213,18,341,90
18,341,90,748
341,90,748,1217
90,748,1217,670
748,1217,670,1218
1217,670,1218,22
45,856,318,1219
856,318,1219,1220
318,1219,1220,876
1219,1220,876,392
395,915,1221,119
0,51,199,909
51,199,909,163
199,909,163,55
909,163,55,480
163,55,480,58
55,480,58,169
480,58,169,171
58,169,171,619
169,171,619,170
171,619,170,191
619,170,191,22
376,1222,0,7
22,1224,12,1102
1224,12,1102,890
308,1230,0,106
1230,0,106,55
0,106,55,142
1231,322,119,1232
322,119,1232,275
119,1232,275,1006
1232,275,1006,1157
32,33,30,1161
33,30,1161,1162
30,1161,1162,1163
1233,545,669,282
545,669,282,670
669,282,670,148
32,33,30,1161
33,30,1161,1162
30,1161,1162,1163
223,105,560,22
446,191,161,515
191,161,515,3
161,515,3,0
515,3,0,222
435,191,1234,143
191,1234,143,265
1167,1167,1167,139
32,33,30,1161
33,30,1161,1162
30,1161,1162,1163
195,962,1106,694
962,1106,694,343
1106,694,343,172
694,343,172,105
343,172,105,195
172,105,195,765
105,195,765,166
195,765,166,1
654,149,519,1236
149,519,1236,1002
519,1236,1002,142
1236,1002,142,12
1002,142,12,150
142,12,150,3
12,150,3,0
150,3,0,155
3,0,155,1
154,51,570,105
51,570,105,10
570,105,10,359
105,10,359,628
10,359,628,266
1237,187,10,107
187,10,107,162
10,107,162,10
107,162,10,1217
1240,177,1241,1219
177,1241,1219,141
32,33,30,1161
33,30,1161,45
10,212,1144,40
212,1144,40,503
1144,40,503,279
1243,154,342,12
105,10,633,123
10,633,123,386
265,688,1,620
688,1,620,22
1,620,22,106
620,22,106,3
22,106,3,265
106,3,265,778
3,265,778,259
569,1246,1,369
32,33,30,1161
33,30,1161,45
244,602,96,1247
602,96,1247,114
114,778,105,676
778,105,676,803
777,3,792,1077
1002,432,3,440
432,3,440,758
112,741,22,702
741,22,702,627
22,702,627,1
702,627,1,0
37,1251,833,1252
32,33,30,1161
33,30,1161,45
499,602,1253,774
602,1253,774,1254
32,33,30,1161
33,30,1161,1162
30,1161,1162,1163
396,268,448,1237
32,33,30,1161
33,30,1161,1162
30,1161,1162,1163
530,530,403,149
530,403,149,264
403,149,264,1258
149,264,1258,142
264,1258,142,12
1258,142,12,20
142,12,20,22
12,20,22,530
20,22,530,403
22,530,403,1258
530,403,1258,264
403,1258,264,149
1258,264,149,142
264,149,142,12
360,1078,446,189
1078,446,189,1002
969,210,395,178
210,395,178,187
395,178,187,1042
178,187,1042,1260
1,1261,245,1262
1138,648,181,1119
648,181,1119,1116
32,33,30,1161
33,30,1161,1162
30,1161,1162,1163
1228,94,171,1144
94,171,1144,170
171,1144,170,193
32,33,30,1161
33,30,1161,1162
30,1161,1162,1163
32,33,30,1161
33,30,1161,1162
30,1161,1162,1163
279,12,346,865
12,346,865,236
187,1268,79,1261
1268,79,1261,245
79,1261,245,1262
1261,245,1262,1269
245,1262,1269,1192
32,33,30,1161
33,30,1161,1162
30,1161,1162,1163
1247,1272,1273,788
32,33,30,1161
33,30,1161,1162
30,1161,1162,1163
1274,925,0,185
925,0,185,1183
0,185,1183,1
32,33,30,1161
33,30,1161,1162
30,1161,1162,1163
105,0,1011,912
0,1011,912,1010
32,33,30,1161
33,30,1161,1162
30,1161,1162,1163
271,12,435,1276
12,435,1276,12
435,1276,12,579
201,0,193,171
0,193,171,158
193,171,158,10
171,158,10,1004
158,10,1004,340
32,33,30,1161
33,30,1161,45
32,33,30,1161
33,30,1161,45
32,33,30,1161
33,30,1161,45
30,1161,45,787
1161,45,787,1162
45,787,1162,1163
32,33,30,1161
33,30,1161,1162
30,1161,1162,1163
91,10,64,1
10,64,1,170
64,1,170,308
135,1279,823,322
1279,823,322,1280
823,322,1280,181
265,464,1,962
464,1,962,4
1,962,4,621
962,4,621,143
12,1282,22,1283
32,33,30,1161
33,30,1161,1162
30,1161,1162,1163
543,1284,4,396
32,33,30,1161
33,30,1161,1162
30,1161,1162,1163
32,33,30,1161
33,30,1161,1162
30,1161,1162,1163
226,22,1287,40
1,503,22,369
503,22,369,384
22,369,384,546
32,33,30,1161
33,30,1161,45
1289,1290,1291,1207
1290,1291,1207,689
1291,1207,689,377
32,33,30,1161
33,30,1161,1162
30,1161,1162,1163
1289,1290,1291,1207
32,33,30,1161
33,30,1161,1162
30,1161,1162,1163
32,33,30,1161
33,30,1161,1162
30,1161,1162,1163
162,545,22,549
32,33,30,1161
33,30,1161,1162
30,1161,1162,1163
543,319,543,1293
319,543,1293,1294
759,1295,543,319
32,33,30,1161
33,30,1161,1162
30,1161,1162,1163
1,0,543,1284
0,543,1284,636
32,33,30,1161
33,30,1161,1162
30,1161,1162,1163
32,33,30,1161
33,30,1161,1162
30,1161,1162,1163
105,0,75,40
0,75,40,152
32,33,30,1161
33,30,1161,1162
30,1161,1162,1163
32,33,30,1161
33,30,1161,1162
30,1161,1162,1163
32,33,30,1161
33,30,1161,1162
30,1161,1162,1163
32,33,30,1161
33,30,1161,1162
30,1161,1162,1163
32,33,30,1161
33,30,1161,1162
30,1161,1162,1163
0,266,40,0
266,40,0,369
40,0,369,193
0,369,193,22
369,193,22,619
193,22,619,265
22,619,265,420
619,265,420,740
265,420,740,12
420,740,12,0
740,12,0,1076
12,0,1076,1
0,1076,1,0
1076,1,0,432
32,33,30,1161
33,30,1161,1162
30,1161,1162,1163
32,33,30,1161
33,30,1161,1162
30,1161,1162,1163
0,1297,1,658
1297,1,658,3
1,658,3,1277
32,33,30,1161
33,30,1161,1162
30,1161,1162,1163
681,1299,1272,143
1299,1272,143,800
1301,3,1055,1297
3,1055,1297,1
1055,1297,1,658
1297,1,658,3
96,944,4,1301
944,4,1301,346
4,1301,346,35
1301,346,35,1004
346,35,1004,557
35,1004,557,1047
1004,557,1047,58
557,1047,58,10
44,407,18,170
407,18,170,55
12,209,1301,815
32,33,30,1161
33,30,1161,1162
30,1161,1162,1163
1302,0,1154,1004
0,1154,1004,570
32,33,30,1161
33,30,1161,1162
30,1161,1162,1163
1303,1304,543,1305
1304,543,1305,1306
543,1305,1306,105
1305,1306,105,1307
1306,105,1307,1123
32,33,30,1161
33,30,1161,1162
30,1161,1162,1163
32,33,30,1161
33,30,1161,1162
30,1161,1162,1163
32,33,30,1161
33,30,1161,1162
30,1161,1162,1163
1303,1304,543,1305
1304,543,1305,1306
543,1305,1306,105
1305,1306,105,1307
1306,105,1307,1123
419,145,212,1185
145,212,1185,468
212,1185,468,12
32,33,30,1161
33,30,1161,1162
30,1161,1162,1163
32,33,30,1161
33,30,1161,1162
30,1161,1162,1163
32,33,30,1161
33,30,1161,1162
30,1161,1162,1163
1310,1311,1312,1313
1311,1312,1313,143
1312,1313,143,10
1313,143,10,1314
143,10,1314,652
1310,1311,1312,1313
1311,1312,1313,143
1312,1313,143,10
1313,143,10,1314
143,10,1314,652
32,33,30,1161
33,30,1161,1162
30,1161,1162,1163
19,1315,10,1060
1315,10,1060,14
966,185,162,1316
1178,1179,181,1017
1179,181,1017,41
32,33,30,1161
33,30,1161,1162
30,1161,1162,1163
32,33,30,1161
33,30,1161,1162
30,1161,1162,1163
1161,1162,1163,1325
1162,1163,1325,1326
1163,1325,1326,1327
1325,1326,1327,901
1326,1327,901,1328
1327,901,1328,1329
32,33,30,1161
33,30,1161,1162
30,1161,1162,1163
1161,1162,1163,1325
1162,1163,1325,1326
1163,1325,1326,1327
1325,1326,1327,901
1326,1327,901,1328
1327,901,1328,1329
32,33,30,1161
33,30,1161,45
1,911,0,1330
911,0,1330,704
883,479,439,887
479,439,887,0
116,1281,0,464
1281,0,464,1331
0,464,1331,1230
464,1331,1230,141
504,403,0,504
403,0,504,253
90,91,417,59
91,417,59,10
32,33,30,1161
33,30,1161,1162
30,1161,1162,1163
672,899,644,49
425,304,305,1333
304,305,1333,79
1334,392,302,980
346,0,7,1336
0,7,1336,54
7,1336,54,450
1336,54,450,149
54,450,149,20
182,149,705,265
149,705,265,1145
705,265,1145,739
265,1145,739,681
264,93,142,149
93,142,149,359
142,149,359,423
32,33,30,1161
33,30,1161,1162
30,1161,1162,1163
142,1077,169,964
1077,169,964,143
169,964,143,0
964,143,0,420
143,0,420,807
0,420,807,1337
420,807,1337,705
807,1337,705,1338
1337,705,1338,681
705,1338,681,1339
142,1077,169,964
1077,169,964,143
169,964,143,0
964,143,0,420
142,1077,169,964
1077,169,964,143
169,964,143,0
964,143,0,420
143,0,420,807
0,420,807,1337
420,807,1337,705
807,1337,705,1338
1337,705,1338,681
705,1338,681,1339
32,33,30,1161
33,30,1161,1162
30,1161,1162,1163
32,33,30,1161
33,30,1161,1162
30,1161,1162,1163
19,268,1315,1343
19,268,1315,1343
32,33,30,1161
33,30,1161,1162
30,1161,1162,1163
332,0,642,799
0,642,799,170
32,33,30,1161
33,30,1161,1162
30,1161,1162,1163
1253,3,999,1278
499,1346,3,999
1346,3,999,1345
32,33,30,1161
33,30,1161,1162
30,1161,1162,1163
19,1315,10,1060
1315,10,1060,14
10,1060,14,143
32,33,30,1161
33,30,1161,1162
30,1161,1162,1163
32,33,30,1161
33,30,1161,45
45,1352,1353,44
1352,1353,44,1354
1353,44,1354,484
1110,388,665,648
388,665,648,79
665,648,79,80
1,210,1358,674
210,1358,674,22
1358,674,22,320
674,22,320,1358
22,320,1358,187
320,1358,187,348
1358,187,348,40
187,348,40,627
348,40,627,104
10,441,819,54
441,819,54,450
819,54,450,186
54,450,186,10
1359,1360,1215,36
1360,1215,36,1361
32,33,30,1161
33,30,1161,1162
30,1161,1162,1163
1359,1360,1215,36
1360,1215,36,1361
19,268,1315,1362
268,1315,1362,630
1315,1362,630,1
1362,630,1,0
19,268,577,1363
19,268,577,1363
19,268,577,1363
19,268,577,1363
19,268,577,1363
683,139,168,12
139,168,12,201
168,12,201,0
12,201,0,738
201,0,738,1
0,738,1,1365
22,268,413,1365
268,413,1365,1366
413,1365,1366,12
32,33,30,1161
33,30,1161,1162
30,1161,1162,1163
32,33,30,1161
33,30,1161,1162
30,1161,1162,1163
32,33,30,1161
33,30,1161,1162
30,1161,1162,1163
65,1034,1369,1370
32,33,30,1161
33,30,1161,1162
30,1161,1162,1163
19,1315,10,1060
1315,10,1060,14
49,32,119,1372
32,33,30,1161
33,30,1161,1162
30,1161,1162,1163
1374,525,64,318
525,64,318,0
64,318,0,293
318,0,293,201
0,293,201,162
293,201,162,1375
201,162,1375,1376
32,33,30,1161
33,30,1161,1162
30,1161,1162,1163
1374,525,64,318
525,64,318,0
64,318,0,293
318,0,293,201
0,293,201,162
293,201,162,1375
201,162,1375,1376
754,10,154,864
10,154,864,105
154,864,105,154
19,1315,10,1060
1315,10,1060,14
10,1060,14,143
32,33,30,1161
33,30,1161,45
302,980,1378,1099
32,33,30,1161
33,30,1161,45
19,268,577,1363
268,577,1363,1030
577,1363,1030,968
1363,1030,968,938
1030,968,938,3
968,938,3,999
0,193,22,435
193,22,435,0
22,435,0,7
435,0,7,11
0,7,11,12
7,11,12,196
11,12,196,170
12,196,170,105
196,170,105,74
32,33,30,1161
33,30,1161,1162
30,1161,1162,1163
19,268,577,1363
268,577,1363,1140
10,767,219,308
19,268,1315,1381
268,1315,1381,543
1315,1381,543,1101
19,268,577,1363
19,268,1315,1382
268,1315,1382,1383
1315,1382,1383,219
1382,1383,219,1184
1383,219,1184,1319
219,1184,1319,1346
1184,1319,1346,3
1319,1346,3,999
19,268,1315,1382
268,1315,1382,1383
1315,1382,1383,219
1382,1383,219,1184
1383,219,1184,1319
19,268,1315,1382
268,1315,1382,1383
1315,1382,1383,1384
1382,1383,1384,3
1383,1384,3,999
19,268,577,1363
19,268,1315,1055
268,1315,1055,1005
1315,1055,1005,10
32,33,30,1161
33,30,1161,1162
30,1161,1162,1163
32,33,30,1161
33,30,1161,1162
30,1161,1162,1163
19,268,577,1363
268,577,1363,1386
577,1363,1386,3
1363,1386,3,999
19,268,1315,1362
268,1315,1362,283
1315,1362,283,96
1362,283,96,40
283,96,40,0
19,268,1315,1342
19,268,1315,1381
268,1315,1381,889
1373,350,145,715
350,145,715,105
19,268,1388,2
268,1388,2,1331
1388,2,1331,3
2,1331,3,1389
1331,3,1389,342
3,1389,342,12
1389,342,12,1390
342,12,1390,22
12,1390,22,1391
1390,22,1391,505
22,1391,505,1390
19,268,1388,2
268,1388,2,1331
1388,2,1331,3
2,1331,3,1389
1331,3,1389,342
3,1389,342,12
1389,342,12,1392
342,12,1392,22
12,1392,22,1391
1392,22,1391,505
22,1391,505,1392
882,186,350,145
186,350,145,22
350,145,22,440
145,22,440,556
22,440,556,1249
196,105,74,480
32,33,30,1161
33,30,1161,1162
30,1161,1162,1163
32,33,30,1161
33,30,1161,1162
30,1161,1162,1163
571,1144,308,442
1144,308,442,1377
308,442,1377,41
442,1377,41,1393
1377,41,1393,1394
32,33,30,1161
33,30,1161,1162
30,1161,1162,1163
32,33,30,1161
33,30,1161,1162
30,1161,1162,1163
32,33,30,1161
33,30,1161,1162
30,1161,1162,1163
752,1026,40,181
1026,40,181,42
32,33,30,1161
33,30,1161,45
19,1315,10,1060
1315,10,1060,14
19,1315,10,1060
1315,10,1060,14
19,268,1397,0
268,1397,0,1278
1397,0,1278,10
32,33,30,1161
33,30,1161,1162
30,1161,1162,1163
32,33,30,1161
33,30,1161,1162
30,1161,1162,1163
32,33,30,1161
33,30,1161,1162
30,1161,1162,1163
32,33,30,1161
33,30,1161,1162
30,1161,1162,1163
32,33,30,1161
33,30,1161,1162
30,1161,1162,1163
32,33,30,1161
33,30,1161,1162
30,1161,1162,1163
32,33,30,1161
33,30,1161,1162
30,1161,1162,1163
299,319,1047,1319
319,1047,1319,308
1047,1319,308,1084
32,33,30,1161
33,30,1161,45
789,19,10,1064
19,10,1064,681
10,1064,681,0
1064,681,0,418
681,0,418,494
32,33,30,1161
33,30,1161,45
30,1161,45,1320
1161,45,1320,1162
45,1320,1162,1163
32,33,30,1161
33,30,1161,1162
30,1161,1162,1163
32,33,30,1161
33,30,1161,1162
30,1161,1162,1163
32,33,30,1161
33,30,1161,1162
30,1161,1162,1163
19,268,1397,0
1398,3,1399,105
3,1399,105,1275
1399,105,1275,40
105,1275,40,4
1275,40,4,336
32,33,30,1161
33,30,1161,1162
30,1161,1162,1163
32,33,30,1161
33,30,1161,1162
30,1161,1162,1163
14,1123,1,10
32,33,30,1161
33,30,1161,1162
30,1161,1162,1163
32,33,30,1161
33,30,1161,1162
30,1161,1162,1163
32,33,30,1161
33,30,1161,45
32,33,30,1161
33,30,1161,1162
30,1161,1162,1163
32,33,30,1161
33,30,1161,1162
30,1161,1162,1163
32,33,30,1161
33,30,1161,1162
30,1161,1162,1163
19,268,1410,1411
268,1410,1411,173
1410,1411,173,1
1411,173,1,0
1398,3,1399,1412
3,1399,1412,1413
1399,1412,1413,40
1412,1413,40,4
1413,40,4,624
40,4,624,924
4,624,924,114
624,924,114,1414
19,268,1410,1411
268,1410,1411,983
1410,1411,983,1
1411,983,1,0
983,1,0,1415
1,0,1415,1398
0,1415,1398,3
1415,1398,3,1399
1398,3,1399,1412
3,1399,1412,1413
1399,1412,1413,40
1412,1413,40,4
1413,40,4,1416
40,4,1416,924
4,1416,924,1417
32,33,30,1161
33,30,1161,1162
30,1161,1162,1163
19,268,1397,0
1398,3,1399,105
3,1399,105,1275
1399,105,1275,40
105,1275,40,4
1275,40,4,114
40,4,114,1414
32,33,30,1161
33,30,1161,1162
30,1161,1162,1163
32,33,30,1161
33,30,1161,1162
30,1161,1162,1163
1283,673,12,0
673,12,0,240
19,268,1397,0
1398,3,1399,105
3,1399,105,1275
1399,105,1275,40
105,1275,40,4
36,80,226,996
80,226,996,187
226,996,187,32
996,187,32,957
187,32,957,35
32,957,35,181
302,40,46,354
40,46,354,663
665,1209,30,1205
32,33,30,1161
33,30,1161,1162
30,1161,1162,1163
22,1421,1364,40
1129,369,1422,977
369,1422,977,125
227,326,125,1423
128,49,32,1424
49,32,1424,37
32,1424,37,980
28,124,958,1117
124,958,1117,323
32,33,30,1161
33,30,1161,1162
30,1161,1162,1163
168,1102,425,149
1102,425,149,342
425,149,342,105
32,33,30,1161
33,30,1161,1162
30,1161,1162,1163
308,1428,1429,1430
19,268,1397,0
1398,3,1399,105
3,1399,105,1275
1399,105,1275,40
105,1275,40,670
1275,40,670,725
40,670,725,1380
32,33,30,1161
33,30,1161,1162
30,1161,1162,1163
19,268,1433,1434
268,1433,1434,59
1433,1434,59,0
1434,59,0,1435
59,0,1435,1
0,1435,1,1436
1435,1,1436,1437
1,1436,1437,3
1436,1437,3,1399
1437,3,1399,1438
19,268,1433,1434
268,1433,1434,59
1433,1434,59,0
1434,59,0,1435
59,0,1435,1
0,1435,1,1436
1435,1,1436,1437
1,1436,1437,3
1436,1437,3,1399
1437,3,1399,1438
59,0,1435,1
19,268,1397,0
268,1397,0,740
1397,0,740,12
0,740,12,115
740,12,115,1398
12,115,1398,3
115,1398,3,1399
1398,3,1399,105
3,1399,105,1275
1399,105,1275,40
105,1275,40,740
1275,40,740,3
111,12,238,393
12,238,393,1229
19,268,1410,1411
268,1410,1411,745
1410,1411,745,1
1411,745,1,0
745,1,0,1415
1,0,1415,1398
0,1415,1398,3
1415,1398,3,1399
1398,3,1399,1412
3,1399,1412,1413
1399,1412,1413,40
1412,1413,40,4
1413,40,4,722
40,4,722,924
4,722,924,1417
32,33,30,1161
33,30,1161,1162
30,1161,1162,1163
59,0,1435,1
32,33,30,1161
33,30,1161,1162
30,1161,1162,1163
32,33,30,1161
33,30,1161,1162
30,1161,1162,1163
814,63,1439,145
63,1439,145,746
32,33,30,1161
33,30,1161,1162
30,1161,1162,1163
63,1439,145,746
32,33,30,1161
33,30,1161,1162
30,1161,1162,1163
32,33,30,1161
33,30,1161,1162
30,1161,1162,1163
19,268,1410,1411
268,1410,1411,173
1410,1411,173,1
1411,173,1,0
1398,3,1399,1412
3,1399,1412,1413
1399,1412,1413,40
1412,1413,40,4
1413,40,4,624
40,4,624,924
4,624,924,551
135,1279,774,322
1279,774,322,1442
774,322,1442,1107
322,1442,1107,181
1177,969,388,648
969,388,648,1443
1269,955,947,1205
32,898,30,1161
19,268,1410,1411
268,1410,1411,100
1410,1411,100,1
1411,100,1,0
1445,1398,3,1399
1398,3,1399,1412
3,1399,1412,1413
1399,1412,1413,40
1412,1413,40,4
1413,40,4,215
40,4,215,924
4,215,924,1446
1448,1449,338,308
1022,939,1140,436
1274,1453,462,6
19,268,1410,1411
268,1410,1411,788
1410,1411,788,1
1411,788,1,0
788,1,0,1415
1,0,1415,1398
0,1415,1398,3
1415,1398,3,1399
1398,3,1399,1412
3,1399,1412,1413
1399,1412,1413,40
1412,1413,40,4
1413,40,4,829
40,4,829,924
4,829,924,1417
32,898,30,1455
32,898,30,1161
32,898,30,1455
898,30,1455,1320
32,898,30,1161
1420,1299,449,584
32,898,30,1161
1308,0,549,1
32,898,30,1161
1213,500,1456,332
500,1456,332,199
1456,332,199,71
332,199,71,165
247,377,783,1071
308,1428,1429,1430
19,268,1397,0
1398,3,1399,105
3,1399,105,1275
1399,105,1275,40
105,1275,40,12
1275,40,12,1097
19,268,1433,1459
268,1433,1459,1460
1433,1459,1460,59
1459,1460,59,0
1460,59,0,1435
59,0,1435,1
0,1435,1,1129
1435,1,1129,3
1,1129,3,1399
1129,3,1399,1461
19,268,1397,0
32,898,30,1161
19,268,1397,0
1445,1398,3,1399
1398,3,1399,105
3,1399,105,1275
1399,105,1275,40
105,1275,40,4
1275,40,4,1446
32,898,30,1161
32,898,30,1161
32,898,30,1161
1092,143,0,1464
143,0,1464,1422
19,268,1397,0
1398,3,1399,105
3,1399,105,1275
1399,105,1275,40
105,1275,40,4
49,1466,141,1042
1466,141,1042,395
141,1042,395,119
1042,395,119,1465
395,119,1465,655
1467,1290,554,1468
1290,554,1468,1456
32,898,30,1161
0,7,519,1216
59,0,1435,1
657,46,938,3
46,938,3,1399
105,265,1008,1324
1243,148,10,154
627,217,105,348
217,105,348,0
105,348,0,962
348,0,962,149
0,962,149,798
962,149,798,158
149,798,158,12
798,158,12,20
32,898,30,1161
1198,1475,248,1403
32,898,30,1161
32,898,30,1455
32,898,30,1161
32,898,30,1161
1480,764,792,524
32,898,30,1161
32,898,30,1161
1198,251,966,14
32,898,30,1161
571,1144,308,442
1144,308,442,1377
308,442,1377,0
442,1377,0,7
1377,0,7,966
32,898,30,1161
87,395,1481,1194
32,898,30,1161
32,898,30,1161
392,179,234,1484
32,898,30,1161
32,898,30,1161
911,0,350,106
0,350,106,105
350,106,105,1244
106,105,1244,1078
32,898,30,1161
32,33,30,1161
19,268,1410,1411
268,1410,1411,684
1410,1411,684,1
1411,684,1,0
684,1,0,1485
1,0,1485,1398
0,1485,1398,3
1485,1398,3,1399
1398,3,1399,1412
3,1399,1412,1413
1399,1412,1413,40
1412,1413,40,4
1413,40,4,580
40,4,580,924
4,580,924,476
580,924,476,1486
19,268,1410,1411
268,1410,1411,684
1410,1411,684,1
1411,684,1,0
1398,3,1399,1412
3,1399,1412,1413
1399,1412,1413,40
1412,1413,40,4
1413,40,4,580
40,4,580,924
4,580,924,1487
580,924,1487,1486
32,898,30,1161
32,898,30,1161
32,898,30,1161
32,898,30,1161
408,243,527,1482
59,0,1435,1
32,898,30,1161
32,898,30,1161
19,268,1433,1459
268,1433,1459,1460
1433,1459,1460,59
1459,1460,59,0
1460,59,0,1435
59,0,1435,1
0,1435,1,1129
1435,1,1129,3
1,1129,3,1399
1129,3,1399,1461
32,898,30,1161
19,268,1433,879
268,1433,879,59
1433,879,59,0
879,59,0,1435
59,0,1435,1
0,1435,1,786
1435,1,786,1489
1,786,1489,1490
786,1489,1490,3
1489,1490,3,1399
32,898,30,1161
71,416,1057,308
416,1057,308,651
32,898,30,1161
740,12,0,494
12,0,494,494
0,494,494,216
1491,265,1479,12
265,1479,12,10
32,898,30,1455
32,898,30,1455
966,1195,1191,308
1493,71,332,308
10,491,3,0
1497,1492,1216,22
1492,1216,22,1140
1216,22,1140,105
22,1140,105,1498
1498,1427,1492,143
1503,1294,308,1266
32,898,30,1161
1505,139,1299,1506
139,1299,1506,149
32,898,30,1161
954,1507,302,464
885,487,227,79
487,227,79,1368
1508,40,80,485
40,80,485,900
80,485,900,724
32,898,30,1161
1509,45,1279,1508
45,1279,1508,400
1279,1508,400,40
1508,400,40,80
400,40,80,485
40,80,485,900
80,485,900,37
32,898,30,1161
32,898,30,1455
898,30,1455,1510
1428,1429,1430,162
1429,1430,162,1511
32,898,30,1455
898,30,1455,1510
1428,1429,1430,162
1429,1430,162,1511
1430,162,1511,894
6,1513,902,1514
1513,902,1514,1515
44,4,1513,902
4,1513,902,1514
1513,902,1514,73
902,1514,73,879
19,268,1410,1411
268,1410,1411,215
1410,1411,215,1
1411,215,1,0
215,1,0,1415
1,0,1415,1398
0,1415,1398,3
1415,1398,3,1399
1398,3,1399,1412
3,1399,1412,1413
1399,1412,1413,40
1412,1413,40,4
1413,40,4,672
40,4,672,924
4,672,924,1417
32,898,30,1161
19,268,1397,0
1398,3,1399,105
3,1399,105,1275
1399,105,1275,40
105,1275,40,12
1275,40,12,1516
19,268,1410,1411
268,1410,1411,173
1410,1411,173,1
1411,173,1,0
173,1,0,1485
1,0,1485,1398
0,1485,1398,3
1485,1398,3,1399
1398,3,1399,1412
3,1399,1412,1413
1399,1412,1413,40
1412,1413,40,4
1413,40,4,624
40,4,624,924
4,624,924,476
624,924,476,1486
59,0,1435,1
0,1435,1,1517
32,1025,68,786
1025,68,786,1489
68,786,1489,1490
786,1489,1490,46
32,33,1040,29
33,1040,29,44
1040,29,44,1061
32,898,30,1161
32,898,30,1161
32,898,30,1161
904,40,46,424
40,46,424,35
46,424,35,322
424,35,322,1442
1456,1212,369,1001
32,898,30,1161
44,4,1129,369
4,1129,369,1422
1129,369,1422,46
369,1422,46,176
19,268,1433,1522
268,1433,1522,59
1433,1522,59,0
1522,59,0,1435
59,0,1435,1
0,1435,1,1523
1435,1,1523,3
1,1523,3,1399
1523,3,1399,1524
19,268,1433,1522
268,1433,1522,59
1433,1522,59,0
1522,59,0,1435
59,0,1435,1
0,1435,1,1523
1435,1,1523,3
1,1523,3,1399
1523,3,1399,1524
32,898,30,1161
1295,966,14,1277
966,14,1277,449
32,898,30,1161
54,159,1329,10
159,1329,10,818
1329,10,818,1
10,818,1,0
32,898,30,1161
19,268,1433,1526
268,1433,1526,1098
1433,1526,1098,59
1526,1098,59,0
1098,59,0,1435
59,0,1435,1
0,1435,1,1129
1435,1,1129,369
1,1129,369,1422
1129,369,1422,3
369,1422,3,1399
95,343,265,1528
343,265,1528,591
265,1528,591,149
1528,591,149,250
591,149,250,170
149,250,170,162
250,170,162,1418
170,162,1418,905
162,1418,905,383
1418,905,383,105
905,383,105,74
32,898,30,1161
32,898,30,1161
32,898,30,1161
32,898,30,1161
560,40,0,193
32,898,30,1161
32,898,30,1161
32,898,30,1161
898,30,1161,1530
30,1161,1530,1531
1161,1530,1531,1204
1530,1531,1204,1532
1531,1204,1532,549
1204,1532,549,1533
1532,549,1533,1534
549,1533,1534,1535
1533,1534,1535,1536
32,898,30,1161
898,30,1161,1530
30,1161,1530,1531
1161,1530,1531,1204
1530,1531,1204,1532
1531,1204,1532,549
1204,1532,549,1533
1532,549,1533,1534
549,1533,1534,1535
1533,1534,1535,1536
32,898,30,1161
32,898,30,1161
49,876,67,40
876,67,40,181
67,40,181,1538
32,898,30,1161
746,781,627,96
784,1294,308,529
19,150,149,966
150,149,966,1476
149,966,1476,308
55,564,162,396
564,162,396,558
162,396,558,123
396,558,123,10
1542,451,1145,652
32,898,30,1161
32,898,30,1161
32,33,30,14
33,30,14,48
30,14,48,663
14,48,663,891
48,663,891,892
663,891,892,1544
891,892,1544,1545
892,1544,1545,1546
1544,1545,1546,308
1545,1546,308,1547
1546,308,1547,738
32,898,30,1161
898,30,1161,1544
30,1161,1544,1545
1161,1544,1545,1546
1544,1545,1546,308
1545,1546,308,1547
44,4,786,1489
4,786,1489,1490
786,1489,1490,73
1489,1490,73,879
32,898,30,1161
1550,268,1551,63
268,1551,63,1552
1551,63,1552,4
63,1552,4,1553
1552,4,1553,1554
32,33,30,14
33,30,14,48
30,14,48,663
14,48,663,891
48,663,891,892
663,891,892,1555
891,892,1555,1556
892,1555,1556,1557
32,898,30,1161
898,30,1161,1555
30,1161,1555,1556
1161,1555,1556,1557
32,898,30,1161
32,898,30,1161
898,30,1161,1558
30,1161,1558,1173
1161,1558,1173,0
1558,1173,0,51
1173,0,51,1559
32,33,30,14
33,30,14,48
30,14,48,663
14,48,663,891
48,663,891,892
663,891,892,1558
891,892,1558,1173
892,1558,1173,0
1558,1173,0,51
1173,0,51,1559
0,51,1559,1360
30,1560,1561,1561
1560,1561,1561,6
32,33,30,14
33,30,14,48
30,14,48,663
14,48,663,891
48,663,891,892
1248,55,63,185
55,63,185,1336
63,185,1336,54
40,503,111,143
44,4,1468,46
966,713,150,14
713,150,14,480
46,73,173,1287
1538,1250,1120,6
1250,1120,6,1565
6,1566,318,73
1566,318,73,100
318,73,100,1287
716,22,1567,621
259,983,145,1568
983,145,1568,741
145,1568,741,40
1568,741,40,743
741,40,743,56
40,743,56,10
743,56,10,1569
56,10,1569,1541
32,33,30,14
33,30,14,48
30,14,48,663
14,48,663,891
48,663,891,892
663,891,892,1570
891,892,1570,983
892,1570,983,145
1570,983,145,1568
983,145,1568,741
145,1568,741,40
1568,741,40,786
32,898,30,1161
898,30,1161,1570
30,1161,1570,983
1161,1570,983,145
1570,983,145,1568
983,145,1568,741
145,1568,741,40
1568,741,40,743
741,40,743,56
40,743,56,10
743,56,10,1569
56,10,1569,1541
1550,268,1551,63
268,1551,63,1552
1551,63,1552,4
63,1552,4,1553
1552,4,1553,1554
32,33,30,14
33,30,14,48
30,14,48,663
14,48,663,891
48,663,891,892
663,891,892,1571
891,892,1571,675
892,1571,675,672
1571,675,672,556
675,672,556,40
672,556,40,1319
32,898,30,1161
898,30,1161,1571
30,1161,1571,675
1161,1571,675,672
1571,675,672,556
675,672,556,40
672,556,40,1319
556,40,1319,1572
1539,6,1574,1574
299,319,308,1084
319,308,1084,447
19,1575,10,14
1575,10,14,12
10,14,12,10
14,12,10,1060
12,10,1060,1257
10,1060,1257,1576
1060,1257,1576,1095
1257,1576,1095,1096
1576,1095,1096,1420
1095,1096,1420,1087
19,1575,10,14
1575,10,14,12
10,14,12,10
14,12,10,1060
12,10,1060,1257
10,1060,1257,1577
1060,1257,1577,103
1257,1577,103,1420
1577,103,1420,1299
103,1420,1299,1578
1420,1299,1578,1579
1299,1578,1579,1580
19,1575,10,14
1575,10,14,12
10,14,12,10
14,12,10,1060
12,10,1060,1257
10,1060,1257,1581
1060,1257,1581,1582
1257,1581,1582,1583
1581,1582,1583,1400
1582,1583,1400,12
1583,1400,12,1584
1400,12,1584,524
32,898,30,1455
1585,1586,1587,1588
19,1575,10,14
1575,10,14,12
10,14,12,10
14,12,10,1060
12,10,1060,1257
10,1060,1257,1576
1060,1257,1576,1095
1257,1576,1095,1096
1576,1095,1096,1420
1095,1096,1420,1087
32,898,30,1161
898,30,1161,1576
30,1161,1576,1095
1161,1576,1095,1096
1576,1095,1096,1420
1095,1096,1420,1087
19,1575,10,14
1575,10,14,12
10,14,12,10
14,12,10,1060
12,10,1060,1257
10,1060,1257,1589
1060,1257,1589,1590
1257,1589,1590,1591
1589,1590,1591,1592
1590,1591,1592,761
1591,1592,761,483
1592,761,483,105
761,483,105,821
32,898,30,1161
898,30,1161,1589
30,1161,1589,1590
1161,1589,1590,1591
1589,1590,1591,1592
1590,1591,1592,761
1591,1592,761,483
1592,761,483,105
761,483,105,821
19,1575,10,14
1575,10,14,12
10,14,12,10
14,12,10,1060
12,10,1060,1257
10,1060,1257,1577
1060,1257,1577,103
1257,1577,103,1420
1577,103,1420,1299
103,1420,1299,1578
1420,1299,1578,1579
1299,1578,1579,1580
32,898,30,1161
898,30,1161,1577
30,1161,1577,103
1161,1577,103,1420
1577,103,1420,1299
103,1420,1299,1578
1420,1299,1578,1579
1299,1578,1579,1580
19,1575,10,14
1575,10,14,12
10,14,12,10
14,12,10,1060
12,10,1060,1593
675,173,1420,1299
173,1420,1299,416
1420,1299,416,71
19,1575,10,14
1575,10,14,12
10,14,12,10
14,12,10,1060
12,10,1060,1257
10,1060,1257,1594
1060,1257,1594,1420
1257,1594,1420,1299
1594,1420,1299,1595
19,1575,10,14
1575,10,14,12
10,14,12,10
14,12,10,1060
12,10,1060,1257
1405,966,1197,792
1550,268,1551,63
268,1551,63,1552
1551,63,1552,4
63,1552,4,1553
1552,4,1553,1554
1550,268,1551,63
268,1551,63,1552
1551,63,1552,4
63,1552,4,1553
1552,4,1553,1554
1550,268,1551,63
268,1551,63,1552
1551,63,1552,4
63,1552,4,1553
1552,4,1553,1554
1550,268,1551,63
268,1551,63,1552
1551,63,1552,4
63,1552,4,1553
1552,4,1553,1554
19,1575,10,14
1575,10,14,12
10,14,12,10
14,12,10,1060
12,10,1060,1257
10,1060,1257,1596
1060,1257,1596,1597
19,1575,10,14
1575,10,14,12
10,14,12,10
14,12,10,1060
12,10,1060,1257
10,1060,1257,1596
1060,1257,1596,1597
32,898,30,1161
898,30,1161,1596
30,1161,1596,1597
1394,275,1006,491
135,1598,68,1599
1598,68,1599,46
162,692,1223,1122
19,1575,10,14
1575,10,14,12
10,14,12,10
14,12,10,1060
12,10,1060,1593
10,1060,1593,1600
1060,1593,1600,1601
1593,1600,1601,215
1600,1601,215,261
1601,215,261,1
215,261,1,1602
261,1,1602,1603
1,1602,1603,40
1602,1603,40,1529
32,898,30,1455
898,30,1455,1600
30,1455,1600,1601
1455,1600,1601,215
1600,1601,215,261
1601,215,261,1
215,261,1,1602
261,1,1602,1603
1,1602,1603,40
1602,1603,40,1529
19,1575,10,14
1575,10,14,12
10,14,12,10
14,12,10,1060
12,10,1060,1257
581,100,64,318
19,1575,10,14
1575,10,14,12
10,14,12,10
14,12,10,1060
12,10,1060,1257
10,1060,1257,1604
1060,1257,1604,1605
1257,1604,1605,1606
1604,1605,1606,1607
1605,1606,1607,494
1606,1607,494,1
1607,494,1,106
494,1,106,1608
32,898,30,1161
898,30,1161,1604
30,1161,1604,1605
1161,1604,1605,1606
1604,1605,1606,1607
1605,1606,1607,494
1606,1607,494,1
1607,494,1,106
494,1,106,1608
19,1575,10,14
1575,10,14,12
10,14,12,10
14,12,10,1060
12,10,1060,1257
19,1575,10,14
1575,10,14,12
10,14,12,10
14,12,10,1060
12,10,1060,1257
19,1575,10,14
1575,10,14,12
10,14,12,10
14,12,10,1060
12,10,1060,1257
10,1060,1257,1609
1060,1257,1609,0
1257,1609,0,753
1609,0,753,1610
0,753,1610,1611
753,1610,1611,1612
1610,1611,1612,14
32,898,30,1161
898,30,1161,1609
30,1161,1609,0
1161,1609,0,753
1609,0,753,1610
0,753,1610,1611
753,1610,1611,1612
1610,1611,1612,14
19,1575,10,14
1575,10,14,12
10,14,12,10
14,12,10,1060
12,10,1060,1257
10,1060,1257,1613
1060,1257,1613,1252
1257,1613,1252,1614
1613,1252,1614,1615
1252,1614,1615,1616
1614,1615,1616,22
1615,1616,22,1617
1616,22,1617,1618
32,898,30,1161
898,30,1161,1613
30,1161,1613,1252
1161,1613,1252,1614
1613,1252,1614,1615
1252,1614,1615,1616
1614,1615,1616,22
1615,1616,22,1617
1616,22,1617,1618
19,1575,10,14
1575,10,14,12
10,14,12,10
14,12,10,1060
12,10,1060,1257
10,1060,1257,1619
1060,1257,1619,1620
1257,1619,1620,71
1619,1620,71,1421
1620,71,1421,1462
32,898,30,1161
898,30,1161,1619
30,1161,1619,1620
1161,1619,1620,71
1619,1620,71,1421
1620,71,1421,1462
19,1575,10,14
1575,10,14,12
10,14,12,10
14,12,10,1060
12,10,1060,1257
10,1060,1257,1621
1060,1257,1621,1622
1257,1621,1622,440
1621,1622,440,104
1622,440,104,855
32,898,30,1161
898,30,1161,1621
30,1161,1621,1622
1161,1621,1622,440
1621,1622,440,104
1622,440,104,855
19,1575,10,14
1575,10,14,12
10,14,12,10
14,12,10,1060
12,10,1060,1257
10,1060,1257,1623
1060,1257,1623,1401
1257,1623,1401,1624
1623,1401,1624,104
32,898,30,1161
898,30,1161,1623
30,1161,1623,1401
1161,1623,1401,1624
1623,1401,1624,104
19,1575,10,14
1575,10,14,12
10,14,12,10
14,12,10,1060
12,10,1060,1257
10,1060,1257,1625
1060,1257,1625,162
1257,1625,162,1626
1625,162,1626,1082
19,1575,10,14
1575,10,14,12
10,14,12,10
14,12,10,1060
12,10,1060,1593
10,1060,1593,1627
1060,1593,1627,1628
1593,1627,1628,1629
1627,1628,1629,388
1628,1629,388,483
1629,388,483,1630
32,898,30,1455
898,30,1455,1627
30,1455,1627,1628
1455,1627,1628,1629
1627,1628,1629,388
1628,1629,388,483
1629,388,483,1630
19,1575,10,14
1575,10,14,12
10,14,12,10
14,12,10,1060
12,10,1060,1257
10,1060,1257,1631
1060,1257,1631,749
1257,1631,749,1499
1631,749,1499,185
32,898,30,1161
898,30,1161,1631
30,1161,1631,749
1161,1631,749,1499
1631,749,1499,185
19,1575,10,14
1575,10,14,12
10,14,12,10
14,12,10,1060
12,10,1060,1257
10,1060,1257,1632
1060,1257,1632,4
1257,1632,4,749
1632,4,749,703
4,749,703,96
749,703,96,55
703,96,55,924
32,898,30,1161
898,30,1161,1632
30,1161,1632,4
1161,1632,4,749
1632,4,749,703
4,749,703,96
749,703,96,55
703,96,55,924
19,1575,10,14
1575,10,14,12
10,14,12,10
14,12,10,1060
12,10,1060,1257
10,1060,1257,1581
1060,1257,1581,1582
1257,1581,1582,1583
1581,1582,1583,1400
1582,1583,1400,12
1583,1400,12,1584
1400,12,1584,524
19,1575,10,14
1575,10,14,12
10,14,12,10
14,12,10,1060
12,10,1060,1257
10,1060,1257,1594
1060,1257,1594,1420
1257,1594,1420,1299
1594,1420,1299,1595
32,898,30,1161
898,30,1161,1594
30,1161,1594,1420
1161,1594,1420,1299
1594,1420,1299,1595
19,1575,10,14
1575,10,14,12
10,14,12,10
14,12,10,1060
12,10,1060,1257
10,1060,1257,1633
1060,1257,1633,744
1257,1633,744,1448
1633,744,1448,1634
744,1448,1634,1635
32,898,30,1161
898,30,1161,1633
30,1161,1633,744
1161,1633,744,1448
1633,744,1448,1634
744,1448,1634,1635
19,1575,10,14
1575,10,14,12
10,14,12,10
14,12,10,1060
12,10,1060,1257
10,1060,1257,1636
1060,1257,1636,1637
1257,1636,1637,1468
32,898,30,1161
898,30,1161,1636
30,1161,1636,1637
1161,1636,1637,1468
19,1575,10,14
1575,10,14,12
10,14,12,10
14,12,10,1060
12,10,1060,1257
19,1575,10,14
1575,10,14,12
10,14,12,10
14,12,10,1060
12,10,1060,1257
10,1060,1257,1625
1060,1257,1625,162
1257,1625,162,1626
1625,162,1626,1082
32,898,30,1161
898,30,1161,1625
30,1161,1625,162
1161,1625,162,1626
1625,162,1626,1082
19,1575,10,14
1575,10,14,12
10,14,12,10
14,12,10,1060
12,10,1060,1257
10,1060,1257,1639
1060,1257,1639,103
1257,1639,103,1640
32,898,30,1161
898,30,1161,1639
30,1161,1639,103
1161,1639,103,1640
19,1575,10,14
1575,10,14,12
10,14,12,10
14,12,10,1060
12,10,1060,1257
10,1060,1257,1641
1060,1257,1641,753
1257,1641,753,529
1641,753,529,1642
32,898,30,1161
898,30,1161,1641
30,1161,1641,753
1161,1641,753,529
1641,753,529,1642
19,1575,10,14
1575,10,14,12
10,14,12,10
14,12,10,1060
12,10,1060,1257
10,1060,1257,1581
1060,1257,1581,1582
1257,1581,1582,1583
1581,1582,1583,1400
1582,1583,1400,12
1583,1400,12,1584
1400,12,1584,524
32,898,30,1161
898,30,1161,1581
30,1161,1581,1582
1161,1581,1582,1583
1581,1582,1583,1400
1582,1583,1400,12
1583,1400,12,1584
1400,12,1584,524
32,898,30,1161
210,1110,1158,1039
1110,1158,1039,210
32,898,30,1161
1585,1586,1587,1588
32,898,30,1161
32,898,30,1161
19,1315,10,1060
1315,10,1060,1646
12,91,0,7
19,1315,10,1060
1315,10,1060,14
19,1315,10,1060
1315,10,1060,14
21,10,803,168
10,803,168,654
803,168,654,171
168,654,171,20
654,171,20,170
19,1315,10,1060
1315,10,1060,14
19,1315,10,1060
1315,10,1060,14
19,1315,10,1060
1315,10,1060,14
0,1648,162,0
19,1315,10,1060
1315,10,1060,14
19,1315,10,1060
1315,10,1060,14
0,275,1354,1488
275,1354,1488,1229
19,1315,10,1060
1315,10,1060,14
19,1315,10,1060
1315,10,1060,14
19,1315,10,1060
1315,10,1060,14
0,513,7,369
19,1315,10,1060
1315,10,1060,14
19,1315,10,1060
1315,10,1060,14
19,1315,10,1060
1315,10,1060,14
19,1315,10,1060
1315,10,1060,1646
19,1315,10,1060
1315,10,1060,14
19,1315,10,1060
1315,10,1060,14
19,1315,10,1060
1315,10,1060,14
19,1315,10,1060
1315,10,1060,14
19,1315,10,1060
1315,10,1060,14
60,543,1068,433
543,1068,433,611
19,1315,10,1060
1315,10,1060,14
19,1315,10,1060
1315,10,1060,14
19,1315,10,1060
1315,10,1060,14
740,40,778,6
40,778,6,1129
778,6,1129,46
74,105,279,19
105,279,19,250
279,19,250,12
19,250,12,13
250,12,13,139
19,1315,10,1060
1315,10,1060,14
10,1060,14,1653
1060,14,1653,1654
14,1653,1654,1204
1653,1654,1204,1655
1654,1204,1655,1656
1204,1655,1656,1488
1655,1656,1488,1229
1656,1488,1229,1657
19,1315,10,1060
1315,10,1060,14
10,1060,14,1653
1060,14,1653,1654
14,1653,1654,1204
1653,1654,1204,1655
1654,1204,1655,1656
1204,1655,1656,1488
1655,1656,1488,1229
1656,1488,1229,1657
19,1315,10,1060
1315,10,1060,14
1655,1656,1654,1204
1656,1654,1204,1540
268,801,10,1658
801,10,1658,1002
737,10,1658,4
19,1315,10,1060
1315,10,1060,14
19,1315,10,1060
1315,10,1060,14
19,1315,10,1060
1315,10,1060,14
19,1315,10,1060
1315,10,1060,14
19,1315,10,1060
1315,10,1060,14
22,44,627,1
44,627,1,0
627,1,0,7
1,0,7,40
19,1315,10,1060
1315,10,1060,14
19,1315,10,1060
1315,10,1060,14
10,1060,14,1663
1060,14,1663,1664
14,1663,1664,1665
1663,1664,1665,570
1664,1665,570,499
1665,570,499,1093
19,1315,10,1060
1315,10,1060,14
19,1315,10,1060
1315,10,1060,14
10,1060,14,1663
1060,14,1663,1664
14,1663,1664,1665
1663,1664,1665,570
1664,1665,570,499
1665,570,499,1093
19,1315,10,1060
1315,10,1060,14
460,0,571,1058
0,571,1058,3
19,1315,10,1060
1315,10,1060,14
744,412,40,676
19,1315,10,1060
1315,10,1060,14
19,1315,10,1060
1315,10,1060,14
36,80,1667,41
80,1667,41,648
1667,41,648,395
41,648,395,960
648,395,960,1668
19,268,754,0
268,754,0,567
40,369,793,210
369,793,210,492
793,210,492,433
1550,268,1551,63
268,1551,63,1552
1551,63,1552,4
63,1552,4,1553
181,1321,28,959
1321,28,959,29
28,959,29,30
19,1315,10,1060
1315,10,1060,14
487,135,1669,48
135,1669,48,1670
44,4,1129,369
4,1129,369,1422
1129,369,1422,1598
369,1422,1598,1416
1422,1598,1416,46
1184,655,1671,302
251,142,171,158
142,171,158,22
171,158,22,949
158,22,949,161
22,949,161,10
949,161,10,278
465,1599,181,1365
1599,181,1365,1366
1673,35,181,1674
35,181,1674,230
984,930,833,76
354,847,275,1006
847,275,1006,351
902,275,1006,351
275,1006,351,400
233,1128,85,445
1128,85,445,719
40,46,30,701
46,30,701,992
30,701,992,792
1679,1235,32,226
1235,32,226,955
32,226,955,975
226,955,975,904
59,0,1435,1
0,1435,1,1153
845,59,0,1435
59,0,1435,1
73,100,1287,1515
19,268,1681,0
268,1681,0,1435
1681,0,1435,1
0,1435,1,1682
1435,1,1682,1453
1,1682,1453,82
1682,1453,82,1683
1453,82,1683,1684
82,1683,1684,3
1683,1684,3,1399
44,4,1276,82
4,1276,82,1515
44,4,1276,82
10,59,0,1435
59,0,1435,1
0,1435,1,1276
1435,1,1276,82
1,1276,82,3
1276,82,3,1399
6,1682,1453,82
1682,1453,82,1683
1453,82,1683,1684
82,1683,1684,1515
44,4,1276,82
1686,1295,49,125
1295,49,125,782
49,125,782,40
125,782,40,41
135,25,942,6
19,268,1681,0
268,1681,0,1435
1681,0,1435,1
19,268,1433,1688
268,1433,1688,1689
1433,1688,1689,59
1688,1689,59,0
1689,59,0,1435
59,0,1435,1
0,1435,1,1129
1435,1,1129,369
1,1129,369,1422
1129,369,1422,3
369,1422,3,1399
1422,3,1399,1690
19,268,1681,0
268,1681,0,1435
1681,0,1435,1
44,4,1691,1692
4,1691,1692,1693
1691,1692,1693,1221
1692,1693,1221,1694
1693,1221,1694,1691
1221,1694,1691,1692
1694,1691,1692,1693
1691,1692,1693,1695
1692,1693,1695,1696
1693,1695,1696,46
1695,1696,46,1697
19,268,1681,0
268,1681,0,1435
1681,0,1435,1
1698,59,0,1435
59,0,1435,1
0,1435,1,41
40,80,1562,3
80,1562,3,1399
19,268,1681,0
268,1681,0,1435
1681,0,1435,1
0,1435,1,1517
44,4,1128,569
4,1128,569,85
1128,569,85,1702
569,85,1702,1128
85,1702,1128,569
1702,1128,569,85
19,268,1433,1688
268,1433,1688,1689
1433,1688,1689,59
1688,1689,59,0
1689,59,0,1435
59,0,1435,1
0,1435,1,1129
1435,1,1129,369
1,1129,369,1422
1129,369,1422,3
369,1422,3,1399
1422,3,1399,1690
44,4,1298,73
19,268,1681,0
268,1681,0,1435
1681,0,1435,1
0,1435,1,1517
19,268,1433,1688
268,1433,1688,1689
1433,1688,1689,59
1688,1689,59,0
1689,59,0,1435
59,0,1435,1
0,1435,1,1129
1435,1,1129,369
1,1129,369,1422
1129,369,1422,3
369,1422,3,1399
1422,3,1399,1690
44,4,1129,369
4,1129,369,1422
1129,369,1422,1598
369,1422,1598,1416
1422,1598,1416,46
1598,1416,46,1690
19,268,1397,0
44,4,1309,1383
44,4,1705,569
4,1705,569,85
1705,569,85,1706
44,4,1566,318
44,4,1565,46
4,1565,46,85
1565,46,85,886
46,73,684,1287
135,42,1565,55
42,1565,55,1707
1565,55,1707,87
44,4,1691,1692
4,1691,1692,1693
1691,1692,1693,1221
1692,1693,1221,1694
1693,1221,1694,1691
1221,1694,1691,1692
1694,1691,1692,1693
1691,1692,1693,1695
1692,1693,1695,1696
1693,1695,1696,46
1695,1696,46,1697
1709,63,1116,1710
1035,135,1565,49
648,179,393,1712
179,393,1712,181
393,1712,181,1713
1712,181,1713,833
181,1713,833,41
1713,833,41,1714
833,41,1714,1715
41,1714,1715,28
723,19,252,1055
19,252,1055,464
252,1055,464,1
917,715,960,906
1265,32,665,1117
32,665,1117,1718
49,35,30,210
35,30,210,1067
30,210,1067,1719
1224,655,1671,229
36,1661,1720,1208
1661,1720,1208,487
302,392,975,30
392,975,30,1195
302,32,959,1117
32,959,1117,44
959,1117,44,610
1117,44,610,86
234,1689,1721,28
1689,1721,28,1722
1723,648,1110,1691
1725,187,392,302
724,1452,32,959
1452,32,959,975
32,959,975,904
959,975,904,30
988,1235,1726,32
1235,1726,32,34
646,45,1286,81
45,1286,81,1367
1286,81,1367,299
40,41,430,28
41,430,28,124
430,28,124,1687
28,124,1687,126
1110,388,40,1706
388,40,1706,1729
322,36,181,1730
36,181,1730,899
181,1730,899,470
1730,899,470,1042
899,470,1042,947
36,30,1731,1650
30,1731,1650,899
1731,1650,899,51
1650,899,51,490
899,51,490,49
51,490,49,1678
490,49,1678,1268
49,1678,1268,1117
227,80,1732,35
977,1716,35,181
32,959,1722,1263
959,1722,1263,30
1722,1263,30,1733
1263,30,1733,135
1432,246,32,1120
1738,465,1739,181
465,1739,181,1740
1739,181,1740,129
1009,969,41,1667
1475,1741,79,1742
1741,79,1742,49
1367,69,465,1711
69,465,1711,37
844,1707,1716,302
655,350,49,1743
40,46,133,181
46,133,181,1538
133,181,1538,127
1672,323,40,719
323,40,719,1017
392,302,1745,1062
302,1745,1062,40
1745,1062,40,1702
326,49,876,44
1748,1749,487,29
1017,648,354,1751
32,1265,119,917
58,60,465,1754
60,465,1754,10
465,1754,10,1462
1754,10,1462,792
10,1462,792,3
881,1,273,1541
1,273,1541,96
273,1541,96,19
1541,96,19,423
1425,960,918,1709
960,918,1709,48
28,80,1755,119
80,1755,119,1120
302,393,466,1752
393,466,1752,395
466,1752,395,915
1752,395,915,1756
1117,354,847,1049
354,847,1049,1033
847,1049,1033,87
1049,1033,87,959
28,903,1757,125
392,1758,1759,1760
1758,1759,1760,861
1759,1760,861,49
1760,861,49,47
861,49,47,1686
49,47,1686,49
47,1686,49,1035
1686,49,1035,885
49,1035,885,79
1035,885,79,1749
885,79,1749,40
79,1749,40,1761
1749,40,1761,17
40,1761,17,1762
1761,17,1762,36
17,1762,36,1763
1762,36,1763,1764
36,1763,1764,32
1763,1764,32,395
392,1758,1759,1760
1758,1759,1760,861
1759,1760,861,49
1760,861,49,47
861,49,47,1686
49,47,1686,49
47,1686,49,1035
1686,49,1035,885
49,1035,885,79
1035,885,79,1749
885,79,1749,40
79,1749,40,1761
1749,40,1761,17
40,1761,17,1762
1761,17,1762,36
17,1762,36,1763
1762,36,1763,1764
36,1763,1764,32
49,1662,129,862
1705,79,177,30
79,177,30,1132
177,30,1132,48
1017,127,1668,1766
71,71,71,71
354,1768,812,1367
1768,812,1367,302
812,1367,302,980
1367,302,980,71
302,980,71,48
79,1652,49,1538
1652,49,1538,63
49,1538,63,41
1739,1770,1442,903
1770,1442,903,904
1442,903,904,1013
903,904,1013,141
711,1745,19,148
465,1754,142,188
1754,142,188,10
142,188,10,14
188,10,14,498
10,14,498,148
14,498,148,880
498,148,880,725
148,880,725,839
648,181,42,903
396,1002,715,715
1002,715,715,12
715,715,12,255
12,140,936,3
140,936,3,1368
936,3,1368,758
960,1676,539,48
302,665,947,30
392,354,847,1520
1778,321,1117,1104
321,1117,1104,1779
187,1120,302,665
1120,302,665,40
302,665,40,470
665,40,470,980
40,470,980,1044
1040,904,354,181
904,354,181,657
465,1599,227,1424
1599,227,1424,275
227,1424,275,1006
181,1782,63,226
1782,63,226,320
1753,648,354,1507
648,354,1507,354
985,1783,45,663
32,1112,959,1712
1112,959,1712,1707
959,1712,1707,35
1712,1707,35,119
1707,35,119,30
1787,648,35,1367
648,35,1367,302
392,1707,1746,38
1,10,735,779
0,250,105,10
682,1,0,275
1,0,275,350
0,275,350,1788
837,4,0,1788
4,0,1788,212
0,1788,212,498
1788,212,498,1056
212,498,1056,12
498,1056,12,161
1789,49,1746,1790
49,1746,1790,181
141,1177,975,917
6,1788,1464,1079
1788,1464,1079,122
36,181,1201,894
1723,648,87,388
648,87,388,885
87,388,885,79
388,885,79,847
885,79,847,649
1791,1724,47,665
1724,47,665,48
49,354,1507,392
354,1507,392,1792
1507,392,1792,1025
392,1792,1025,1793
44,210,66,1227
210,66,1227,1116
1735,665,1192,1263
665,1192,1263,856
1192,1263,856,1110
1263,856,1110,30
1265,32,302,1796
424,897,44,1355
897,44,1355,487
44,1355,487,425
1355,487,425,1797
487,425,1797,1797
425,1797,1797,1797
1798,40,228,1791
1245,1800,1801,41
1803,40,1800,28
1138,484,1786,127
1745,40,719,975
40,719,975,488
719,975,488,1110
975,488,1110,665
488,1110,665,40
1110,665,40,1705
665,40,1705,392
49,1806,862,904
1806,862,904,44
862,904,44,1732
234,302,45,847
41,302,980,71
302,980,71,1807
1810,1560,19,1205
1560,19,1205,1811
19,1205,1811,1698
1205,1811,1698,1812
1810,1560,19,1205
1560,19,1205,1811
19,1205,1811,1698
1205,1811,1698,1812
1773,648,63,1110
648,63,1110,30
63,1110,30,1813
1110,30,1813,860
30,1813,860,1454
1813,860,1454,1042
860,1454,1042,47
1454,1042,47,80
63,41,1814,1815
587,32,1817,1112
32,1817,1112,179
1817,1112,179,32
1112,179,32,80
179,32,80,1813
32,80,1813,35
876,1726,32,1040
1726,32,1040,395
32,1040,395,119
36,1519,181,648
1519,181,648,369
656,302,959,395
648,1748,919,63
1748,919,63,323
919,63,323,850
1442,41,975,79
1764,1819,1048,133
1819,1048,133,395
1048,133,395,1717
587,1725,302,1263
1821,1112,32,1822
1112,32,1822,395
32,1822,395,181
1822,395,181,1674
395,181,1674,1215
32,35,354,80
1823,1739,842,1824
1739,842,1824,19
842,1824,19,148
1824,19,148,1132
19,148,1132,1538
148,1132,1538,40
1132,1538,40,1825
1783,32,67,1827
32,67,1827,1117
67,1827,1117,1109
1827,1117,1109,49
1117,1109,49,177
724,119,79,80
317,149,465,1823
32,1828,181,1344
392,302,1829,1028
302,1829,1028,1830
1829,1028,1830,181
1028,1830,181,1751
1830,181,1751,1831
181,1751,1831,1832
1833,32,1141,125
32,1141,125,1833
1141,125,1833,152
1739,32,1834,181
32,1834,181,1738
1194,79,41,1835
28,41,1836,1442
41,1836,1442,1107
1836,1442,1107,100
1442,1107,100,1409
1107,100,1409,1830
100,1409,1830,1837
1679,35,1838,181
1442,1280,181,1821
1280,181,1821,862
32,959,181,1707
959,181,1707,975
181,1707,975,1270
49,30,1839,1733
30,1839,1733,135
1839,1733,135,1840
1733,135,1840,583
181,1333,856,1349
1333,856,1349,1815
856,1349,1815,1117
1349,1815,1117,35
424,1806,862,40
1806,862,40,41
862,40,41,1538
40,41,1538,1028
41,1538,1028,28
1538,1028,28,80
1715,1138,1827,1104
1138,1827,1104,1804
1827,1104,1804,1777
1104,1804,1777,48
1804,1777,48,1841
1777,48,1841,1842
428,32,665,1843
32,665,1843,587
665,1843,587,37
969,49,885,322
49,885,322,1519
1739,1769,885,1265
1769,885,1265,32
885,1265,32,1177
1265,32,1177,125
1750,1832,959,885
1832,959,885,1107
959,885,1107,29
885,1107,29,41
1844,1845,1716,321
1845,1716,321,1117
1716,321,1117,29
587,388,947,862
1848,1846,302,392
1846,302,392,885
302,392,885,395
181,129,69,1849
587,32,1817,1112
32,1817,1112,179
1817,1112,179,41
1112,179,41,1469
1105,323,1112,181
323,1112,181,1759
1112,181,1759,125
181,1759,125,1279
1759,125,1279,1174
125,1279,1174,44
903,862,30,1731
1744,323,1851,67
1231,1808,234,119
1167,425,1827,354
302,32,1062,30
33,1038,395,1241
1038,395,1241,1219
1048,1272,105,74
1272,105,74,1783
105,74,1783,1116
74,1783,1116,395
1783,1116,395,1104
1116,395,1104,1200
395,1104,1200,141
49,955,975,181
955,975,181,1854
392,1758,354,80
1746,1843,1256,49
1843,1256,49,1855
32,1764,1725,129
1764,1725,129,1040
1725,129,1040,1849
142,10,260,730
10,260,730,148
260,730,148,1703
1062,40,1471,37
1802,884,37,1858
884,37,1858,49
37,1858,49,1507
1739,32,1265,35
32,1265,35,1716
1265,35,1716,80
35,1716,80,1751
40,1859,1860,227
1859,1860,227,1335
40,719,1141,833
719,1141,833,1110
1141,833,1110,30
39,1843,135,25
1843,135,25,44
49,1735,903,40
1735,903,40,80
234,959,119,87
903,861,1707,30
1862,1863,850,1537
68,1192,41,1865
1116,876,1115,32
876,1115,32,1040
1115,32,1040,395
32,1040,395,915
1040,395,915,1866
395,915,1866,1109
915,1866,1109,1707
1866,1109,1707,1867
1109,1707,1867,1521
32,428,1116,302
428,1116,302,617
354,1859,1860,969
1859,1860,969,388
32,1040,35,119
63,30,961,1771
1651,885,67,79
40,80,1871,49
80,1871,49,135
1200,44,1329,322
44,1329,322,1873
1329,322,1873,684
833,323,1859,1860
323,1859,1860,127
1859,1860,127,1876
1860,127,1876,40
127,1876,40,1872
1876,40,1872,1801
1869,1774,899,1877
1774,899,1877,876
899,1877,876,38
135,150,49,79
150,49,79,1875
49,79,1875,1870
79,1875,1870,40
1875,1870,40,80
1870,40,80,1871
1152,1138,1878,127
1138,1878,127,1876
876,1235,388,395
1235,388,395,354
388,395,354,181
752,49,1117,30
392,947,876,30
782,587,124,1104
587,124,1104,392
124,1104,392,41
1104,392,41,181
392,41,181,45
41,181,45,41
862,179,32,1263
179,32,1263,181
1880,648,67,40
648,67,40,80
844,1442,1443,41
940,79,80,1125
751,1716,45,41
1716,45,41,1538
40,80,1214,1837
1751,1826,135,119
1826,135,119,67
1787,648,179,181
740,40,778,724
40,778,724,40
778,724,40,41
724,40,41,657
40,41,657,1819
41,657,1819,32
657,1819,32,141
1881,1040,1280,302
1040,1280,302,181
35,1768,854,1488
1729,393,133,876
393,133,876,392
133,876,392,181
876,392,181,238
885,1804,49,46
28,29,1168,1768
29,1168,1768,1727
1168,1768,1727,354
1768,1727,354,80
1727,354,80,1829
1331,41,990,732
1795,1808,234,1117
1808,234,1117,856
268,105,149,153
12,114,440,432
149,253,119,1497
392,885,1882,45
1883,63,138,1854
63,138,1854,354
138,1854,354,138
1854,354,138,1883
354,138,1883,833
48,32,1720,1114
32,1720,1114,1730
28,124,125,414
124,125,414,345
125,414,345,465
414,345,465,1599
345,465,1599,907
1857,1661,980,401
1661,980,401,70
980,401,70,49
1309,1383,1293,1845
1383,1293,1845,133
1293,1845,133,321
1845,133,321,1884
1701,87,1770,234
87,1770,234,406
1770,234,406,36
234,406,36,37
406,36,37,1357
1870,119,342,1015
119,342,1015,342
342,1015,342,465
1015,342,465,1599
342,465,1599,1767
465,1599,1767,281
28,1260,1861,1110
1260,1861,1110,393
1861,1110,393,648
1110,393,648,127
393,648,127,1519
1885,47,1886,49
47,1886,49,1886
1886,49,1886,47
49,1886,47,1885
1886,47,1885,1736
1887,32,1104,1884
32,1104,1884,187
1104,1884,187,1038
1884,187,1038,1035
187,1038,1035,665
1038,1035,665,119
1035,665,119,862
665,119,862,44
119,862,44,1175
1828,1116,424,1112
1116,424,1112,1117
302,32,466,655
885,35,235,1772
35,235,1772,1268
1838,1838,1845,392
1838,1845,392,181
1845,392,181,1713
28,648,181,1888
648,181,1888,36
181,1888,36,127
1888,36,127,39
36,127,39,79
1116,1873,119,1265
1873,119,1265,32
119,1265,32,959
1265,32,959,80
32,959,80,549
959,80,549,49
80,549,49,498
549,49,498,45
1889,648,1120,141
32,1679,975,141
1679,975,141,465
1891,1442,41,392
1442,41,392,1117
41,392,1117,1120
392,1117,1120,465
1117,1120,465,1700
1120,465,1700,1739
465,1700,1739,41
1700,1739,41,1892
400,127,48,1255
127,48,1255,45
1266,49,1645,40
49,1645,40,585
1645,40,585,137
40,585,137,302
585,137,302,1893
49,30,907,1892
49,1469,45,1894
1895,302,393,127
302,393,127,39
393,127,39,44
127,39,44,1842
39,44,1842,1177
44,1842,1177,975
465,1779,977,80
227,129,1132,1782
129,1132,1782,1776
1132,1782,1776,234
1782,1776,234,1896
1776,234,1896,1465
234,1896,1465,833
1896,1465,833,1042
234,959,903,354
959,903,354,181
647,648,45,41
179,1725,1862,80
1725,1862,80,1755
1809,1770,234,1021
1770,234,1021,1279
127,724,975,79
724,975,79,41
63,32,1265,134
32,1265,134,181
1898,1350,1351,125
1350,1351,125,664
1351,125,664,257
125,664,257,40
664,257,40,80
257,40,80,649
40,80,649,40
80,649,40,1899
1707,975,30,1839
975,30,1839,31
30,1839,31,1751
844,127,302,1393
127,302,1393,975
302,1393,975,40
1393,975,40,1661
975,40,1661,79
40,1661,79,1713
1661,79,1713,1172
79,1713,1172,19
1713,1172,19,148
1898,1265,1351,44
1818,1442,1168,899
1442,1168,899,1167
947,35,354,1426
35,354,1426,876
354,1426,876,1271
1426,876,1271,648
68,1351,1717,1675
1900,1900,1887,899
1900,1887,899,1020
1887,899,1020,49
1774,885,55,1855
885,55,1855,1062
55,1855,1062,1172
1855,1062,1172,1845
1062,1172,1845,32
1172,1845,32,1707
1845,32,1707,1768
187,770,32,1783
770,32,1783,728
1893,915,36,125
36,127,39,35
127,39,35,1838
885,1044,665,1902
49,32,119,1372
32,119,1372,465
119,1372,465,1898
1372,465,1898,665
465,1898,665,392
1426,1879,1903,1904
1879,1903,1904,833
1194,45,1526,1779
45,1526,1779,181
1035,1177,904,1672
1177,904,1672,1686
791,1785,1821,1725
1785,1821,1725,395
1821,1725,395,80
1725,395,80,1686
1898,1903,1904,1017
1903,1904,1017,44
127,1876,1426,1268
1104,1025,32,959
55,392,1442,1802
392,1442,1802,1120
1442,1802,1120,141
1898,1765,32,1025
49,1834,181,1738
1834,181,1738,179
181,1738,179,665
1738,179,665,37
392,30,1882,45
48,1680,1735,1116
1680,1735,1116,1716
1735,1116,1716,947
1116,1716,947,354
1716,947,354,125
947,354,125,1789
673,12,0,1245
181,1791,231,655
665,1107,125,664
1756,302,1117,1120
302,1117,1120,465
1117,1120,465,1779
1120,465,1779,1756
465,1779,1756,665
1779,1756,665,1465
1756,665,1465,1177
665,1465,1177,975
1465,1177,975,181
1177,975,181,1215
975,181,1215,1736
181,1215,1736,48
1215,1736,48,129
49,1793,135,1747
1793,135,1747,1784
135,1747,1784,648
1747,1784,648,1519
1784,648,1519,395
648,1519,395,119
1818,130,87,234
130,87,234,395
87,234,395,1896
234,395,1896,49
395,1896,49,302
1896,49,302,392
49,302,392,1356
28,127,904,226
179,665,1442,903
665,1442,903,1117
1442,903,1117,210
1723,648,1110,1132
49,1787,648,862
1787,648,862,354
648,862,354,80
49,876,1843,48
49,1822,1428,1429
1822,1428,1429,1430
19,282,149,58
282,149,58,1550
149,58,1550,941
119,49,1041,1774
1177,181,1332,416
181,1332,416,1799
1332,416,1799,48
416,1799,48,1335
1138,885,1827,899
885,1827,899,1020
1827,899,1020,49
149,13,465,1739
44,1537,135,150
1017,885,1752,125
49,392,876,1177
1891,1442,46,1105
1442,46,1105,665
46,1105,665,48
1442,198,862,41
198,862,41,1393
45,663,41,1905
135,1905,1072,397
862,1744,899,1906
1744,899,1906,1026
899,1906,1026,48
1906,1026,48,752
392,135,1565,49
135,1565,49,28
1565,49,28,35
49,28,35,1215
28,35,1215,36
35,1215,36,125
1215,36,125,1214
36,125,1214,1104
125,1214,1104,1108
1214,1104,1108,1707
1104,1108,1707,87
1108,1707,87,395
36,1859,1860,1878
1859,1860,1878,79
1860,1878,79,80
1881,648,30,1841
648,30,1841,1367
30,1841,1367,181
127,39,395,181
39,395,181,1423
393,648,862,354
135,1669,354,41
1669,354,41,461
354,41,461,1118
41,461,1118,28
1765,587,302,975
587,302,975,728
977,80,1865,1214
80,1865,1214,40
1880,648,1026,40
648,1026,40,1906
1739,1132,1782,354
1132,1782,354,41
